*************************************************************************
*  Attrax production server. Authorized access only.                    *
*  All activity is logged and monitored.                                *
*************************************************************************
Transfer starting: 1935 files
./
_imports/
_imports/README.md
_imports/attrax-docs-extra-2026-09-19.json
_imports/regulation-raw-2026-09-19.json
ae/
ae/AE-AE_MOIAT_ECAS_-_MOIAT-GOV-AE.yaml
ae/AE-AE_UAE_-_U-AE.yaml
ae/AE-MoIAT-ECAS.yaml
ae/raw/
ae/raw/AE_MoIAT_ECAS_\#345\#220\#210\#346\#240\#274\#350\#257\#204\#345\#256\#232_moiat.gov.ae.html
ae/raw/AE_UAE_\#347\#253\#213\#346\#263\#225\#351\#227\#250\#346\#210\#267_u.ae.html
ae/raw/\#351\#230\#277\#350\#201\#224\#351\#205\#2132021\#345\#271\#264\#347\#254\#25433\#345\#217\#267\#350\#201\#224\#351\#202\#246\#346\#263\#225\#344\#273\#244\#357\#274\#210\#345\#212\#263\#345\#212\#250\#345\#205\#263\#347\#263\#273\#350\#247\#204\#350\#214\#203\#346\#263\#225\#357\#274\#211.pdf
ae/raw/\#351\#230\#277\#350\#201\#224\#351\#205\#2132023\#345\#271\#264\#347\#254\#25455\#345\#217\#267\#343\#200\#212\#345\#252\#222\#344\#275\#223\#347\#233\#221\#347\#256\#241\#350\#201\#224\#351\#202\#246\#346\#263\#225\#344\#273\#244\#343\#200\#213.html
ae/raw/\#351\#230\#277\#350\#201\#224\#351\#205\#213\#345\#244\#256\#350\#241\#214\#343\#200\#212\#345\#202\#250\#345\#200\#274\#350\#256\#276\#346\#226\#275\#346\#263\#225\#350\#247\#204\#343\#200\#213\#357\#274\#210UAE Central Bank SVF\#350\#257\#264\#346\#230\#216\#357\#274\#211.html
au/
au/AU-AU_ACL_AUSTRALIAN_CONSUMER_LAW_LEGISLATION-GOV-AU.yaml
au/AU-AU_COMPETITION_AND_CONSUMER_ACT_2010_LEGISLATION-GOV-AU.yaml
au/AU-AU_ELECTRICAL_EQUIPMENT_SAFETY_SYSTEM_EESS.yaml
au/AU-AU_LEGISLATION-GOV-AU_.yaml
au/AU-AU_THERAPEUTIC_GOODS_ACT_1989_LEGISLATION-GOV-AU.yaml
au/AU-AU_TRADE_PRACTICES_ACT_1974_LEGISLATION-GOV-AU.yaml
au/AU-C2004A00001_CUSTOMS_ACT_1901.yaml
au/AU-C2004A00039_TRADE_PRACTICES_ACT_LEGACY_TEXT.yaml
au/AU-C2004A03937_THERAPEUTIC_GOODS_ACT_1989.yaml
au/AU-C2010A00103_COMPETITION_AND_CONSUMER_ACT_2010_INCL-_ACL.yaml
au/AU-C2017A00022_PRODUCT_EMISSIONS_STANDARDS_ACT_2017.yaml
au/AU-C2018A00023_TREASURY_LAWS_AMENDMENT_AUSTRALIAN_CONSUMER_L.yaml
au/AU-RCM.yaml
au/raw/
au/raw/AU-C2004A00001_Customs_Act_1901.html
au/raw/AU-C2004A00039_Trade_Practices_Act_legacy_text.html
au/raw/AU-C2004A03937_Therapeutic_Goods_Act_1989.html
au/raw/AU-C2010A00103_Competition_and_Consumer_Act_2010_incl._ACL.html
au/raw/AU-C2017A00022_Product_Emissions_Standards_Act_2017.html
au/raw/AU-C2018A00023_Treasury_Laws_Amendment_Australian_Consumer_Law_Review.html
au/raw/AU_ACL_Australian_Consumer_Law_legislation.gov.au.html
au/raw/AU_Competition_and_Consumer_Act_2010_legislation.gov.au.html
au/raw/AU_Electrical_Equipment_Safety_System_EESS.html
au/raw/AU_Therapeutic_Goods_Act_1989_legislation.gov.au.html
au/raw/AU_Trade_Practices_Act_1974_legislation.gov.au.html
au/raw/AU_legislation.gov.au_\#350\#201\#224\#351\#202\#246\#347\#253\#213\#346\#263\#225\#351\#227\#250\#346\#210\#267.html
br/
br/BR-BR_ANVISA_-_GOV-BR.yaml
br/BR-BR_C-DIGO_DE_DEFESA_DO_CONSUMIDOR_LEI_8-078_1990_PLANALTO.yaml
br/BR-BR_C-DIGO_DE_DEFESA_DO_CONSUMIDOR_PLANALTO.yaml
br/BR-BR_LGPD_-_GOV-BR.yaml
br/BR-BR_LGPD_LEI_13-709_2018_PLANALTO.yaml
br/BR-INMETRO.yaml
br/BR-INMETRO_-_GOV-BR.yaml
br/raw/
br/raw/BR-INMETRO_\#345\#220\#210\#346\#240\#274\#350\#257\#204\#345\#256\#232_gov.br.html
br/raw/BR_ANVISA_\#351\#243\#237\#345\#223\#201\#346\#216\#245\#350\#247\#246\#346\#235\#220\#346\#226\#231_gov.br.html
br/raw/BR_Código_de_Defesa_do_Consumidor_Lei_8.078_1990_planalto.html
br/raw/BR_Código_de_Defesa_do_Consumidor_Planalto.html
br/raw/BR_LGPD_Lei_13.709_2018_planalto.html
br/raw/BR_LGPD_\#350\#213\#261\#346\#226\#207\#347\#211\#210_gov.br.html
ca/
ca/CA-ACT-C-1-68_CANADA_CONSUMER_PRODUCT_SAFETY_ACT-2.yaml
ca/CA-ACT-C-1-68_CANADA_CONSUMER_PRODUCT_SAFETY_ACT.yaml
ca/CA-ACT-C-34_COMPETITION_ACT-2.yaml
ca/CA-ACT-C-34_COMPETITION_ACT.yaml
ca/CA-ACT-C-38_CONSUMER_PACKAGING_AND_LABELLING_ACT-2.yaml
ca/CA-ACT-C-38_CONSUMER_PACKAGING_AND_LABELLING_ACT.yaml
ca/CA-ACT-F-27_FOOD_AND_DRUGS_ACT-2.yaml
ca/CA-ACT-F-27_FOOD_AND_DRUGS_ACT.yaml
ca/CA-ACT-H-3_HAZARDOUS_PRODUCTS_ACT-2.yaml
ca/CA-ACT-H-3_HAZARDOUS_PRODUCTS_ACT.yaml
ca/CA-ACT-P-8-6_PIPEDA-2.yaml
ca/CA-ACT-P-8-6_PIPEDA.yaml
ca/CA-ACT-T-10_TEXTILE_LABELLING_ACT-2.yaml
ca/CA-ACT-T-10_TEXTILE_LABELLING_ACT.yaml
ca/CA-ACT-W-6-5_WEIGHTS_AND_MEASURES_ACT-2.yaml
ca/CA-ACT-W-6-5_WEIGHTS_AND_MEASURES_ACT.yaml
ca/CA-SOR-2001-269.yaml
ca/CA-SOR-2001-269_CONSUMER_CHEMICALS_AND_CONTAINERS_REGULATION-2.yaml
ca/CA-SOR-2001-269_CONSUMER_CHEMICALS_AND_CONTAINERS_REGULATION.yaml
ca/CA-SOR-2016-169.yaml
ca/CA-SOR-2016-169_CHILDREN-S_SLEEPWEAR_REGULATIONS-2.yaml
ca/CA-SOR-2016-169_CHILDREN-S_SLEEPWEAR_REGULATIONS.yaml
ca/CA-SOR-2016-188.yaml
ca/CA-SOR-2016-188_PHTHALATES_REGULATIONS-2.yaml
ca/CA-SOR-2016-188_PHTHALATES_REGULATIONS.yaml
ca/CA-SOR-2016-193.yaml
ca/CA-SOR-2016-193_SURFACE_COATING_MATERIALS_REGULATIONS-2.yaml
ca/CA-SOR-2016-193_SURFACE_COATING_MATERIALS_REGULATIONS.yaml
ca/CA-SOR-2018-83.yaml
ca/CA-SOR-2018-83_CONSUMER_PRODUCTS_CONTAINING_LEAD_REGULATIONS-2.yaml
ca/CA-SOR-2018-83_CONSUMER_PRODUCTS_CONTAINING_LEAD_REGULATIONS.yaml
ca/CA-SOR-2019-97.yaml
ca/CA-SOR-2019-97_CORDED_WINDOW_COVERINGS_REGULATIONS-2.yaml
ca/CA-SOR-2019-97_CORDED_WINDOW_COVERINGS_REGULATIONS.yaml
ca/raw/
ca/raw/CA-SOR-2001-269_Consumer_Chemicals_and_Containers_Regulations_2001.html
ca/raw/CA-SOR-2001-269_Consumer_Chemicals_and_Containers_Regulations_2001.xml
ca/raw/CA-SOR-2016-169_Children's_Sleepwear_Regulations.html
ca/raw/CA-SOR-2016-169_Children's_Sleepwear_Regulations.xml
ca/raw/CA-SOR-2016-188_Phthalates_Regulations.html
ca/raw/CA-SOR-2016-188_Phthalates_Regulations.xml
ca/raw/CA-SOR-2016-193_Surface_Coating_Materials_Regulations.html
ca/raw/CA-SOR-2016-193_Surface_Coating_Materials_Regulations.xml
ca/raw/CA-SOR-2018-83_Consumer_Products_Containing_Lead_Regulations.html
ca/raw/CA-SOR-2018-83_Consumer_Products_Containing_Lead_Regulations.xml
ca/raw/CA-SOR-2019-97_Corded_Window_Coverings_Regulations.html
ca/raw/CA-SOR-2019-97_Corded_Window_Coverings_Regulations.xml
ca/raw/CA-act-C-1.68_Canada_Consumer_Product_Safety_Act.html
ca/raw/CA-act-C-1.68_Canada_Consumer_Product_Safety_Act.xml
ca/raw/CA-act-C-34_Competition_Act.html
ca/raw/CA-act-C-34_Competition_Act.xml
ca/raw/CA-act-C-38_Consumer_Packaging_and_Labelling_Act.html
ca/raw/CA-act-C-38_Consumer_Packaging_and_Labelling_Act.xml
ca/raw/CA-act-F-27_Food_and_Drugs_Act.html
ca/raw/CA-act-F-27_Food_and_Drugs_Act.xml
ca/raw/CA-act-H-3_Hazardous_Products_Act.html
ca/raw/CA-act-H-3_Hazardous_Products_Act.xml
ca/raw/CA-act-P-8.6_PIPEDA.html
ca/raw/CA-act-P-8.6_PIPEDA.xml
ca/raw/CA-act-T-10_Textile_Labelling_Act.html
ca/raw/CA-act-T-10_Textile_Labelling_Act.xml
ca/raw/CA-act-W-6.5_Weights_and_Measures_Act.html
ca/raw/CA-act-W-6.5_Weights_and_Measures_Act.xml
cn/
cn/CN-CCC-IT.yaml
cn/CN-CCC.yaml
cn/CN-CN_-_-_MOFCOM-GOV-CN.yaml
cn/CN-CN_-_-_NPC-GOV-CN.yaml
cn/CN-CN_-_-_SAMR-GOV-CN.yaml
cn/CN-CN_-_2023_-_NPC-GOV-CN.yaml
cn/CN-CN_-_GOV-CN.yaml
cn/CN-CN_-_MOFCOM-GOV-CN.yaml
cn/CN-CN_-_NPC-GOV-CN-10.yaml
cn/CN-CN_-_NPC-GOV-CN-11.yaml
cn/CN-CN_-_NPC-GOV-CN-12.yaml
cn/CN-CN_-_NPC-GOV-CN-2.yaml
cn/CN-CN_-_NPC-GOV-CN-3.yaml
cn/CN-CN_-_NPC-GOV-CN-4.yaml
cn/CN-CN_-_NPC-GOV-CN-5.yaml
cn/CN-CN_-_NPC-GOV-CN-6.yaml
cn/CN-CN_-_NPC-GOV-CN-7.yaml
cn/CN-CN_-_NPC-GOV-CN-8.yaml
cn/CN-CN_-_NPC-GOV-CN-9.yaml
cn/CN-CN_-_NPC-GOV-CN.yaml
cn/CN-CSAR.yaml
cn/CN-CSL_-_NPC-GOV-CN.yaml
cn/CN-DSL_-_NPC-GOV-CN.yaml
cn/CN-DUAL-USE_-_GOV-CN.yaml
cn/CN-ECL_-_NPC-GOV-CN.yaml
cn/CN-FLK_-_FLK-NPC-GOV-CN.yaml
cn/CN-GB-18401.yaml
cn/CN-GB-31241.yaml
cn/CN-GB-44495_-_OPENSTD.yaml
cn/CN-GB-4706.yaml
cn/CN-GB-4806.yaml
cn/CN-GB-4943-1.yaml
cn/CN-GB-5296-4.yaml
cn/CN-GB-5296.yaml
cn/CN-GB-6675.yaml
cn/CN-GB_1002-1996_-_-_-2.yaml
cn/CN-GB_1002-1996_-_-_.yaml
cn/CN-GB_1002-2024_-_-_.yaml
cn/CN-GB_10631-1989_.yaml
cn/CN-GB_10631-2004_-_.yaml
cn/CN-GB_10631-2013_-_.yaml
cn/CN-GB_10631-2025_-_.yaml
cn/CN-GB_12350-2000_.yaml
cn/CN-GB_13837-2003_.yaml
cn/CN-GB_15092-1-2003_-_-1-_.yaml
cn/CN-GB_15092-2-1994_-_-2-_.yaml
cn/CN-GB_15092-3-1998_-_-2-_.yaml
cn/CN-GB_15092-4-1999_-_-2-_.yaml
cn/CN-GB_15193-10-2003_-DNA.yaml
cn/CN-GB_15193-11-2003_.yaml
cn/CN-GB_15193-12-2003_-_V79_HGPRT_.yaml
cn/CN-GB_15193-13-2003_30-90.yaml
cn/CN-GB_15193-17-2003_.yaml
cn/CN-GB_15193-18-2003_-_ADI_.yaml
cn/CN-GB_15193-20-2003_TK.yaml
cn/CN-GB_15193-21-2003_.yaml
cn/CN-GB_15193-3-2003_2003-09-24.yaml
cn/CN-GB_15193-8-2003_.yaml
cn/CN-GB_1588-2001_2001-12-04.yaml
cn/CN-GB_1588-2024_.yaml
cn/CN-GB_15979-2002_.yaml
cn/CN-GB_15979-2024_.yaml
cn/CN-GB_17465-1-1998_-_-_.yaml
cn/CN-GB_17465-2-1998_-_-_.yaml
cn/CN-GB_17465-4-2009_-_-2-_.yaml
cn/CN-GB_17498-1-2008_-_-1-_.yaml
cn/CN-GB_17498-10-2008_-_-10-_-_.yaml
cn/CN-GB_17498-1998_-_.yaml
cn/CN-GB_17498-2-2008_-_-2-_-_.yaml
cn/CN-GB_17498-4-2008_-_-4-_-_.yaml
cn/CN-GB_17498-5-2008_-_-5-_-_.yaml
cn/CN-GB_17498-6-2008_-_-6-_-_.yaml
cn/CN-GB_17498-7-2008_-_-7-_-_.yaml
cn/CN-GB_17498-8-2008_-_-8-_-_-_.yaml
cn/CN-GB_17498-9-2008_-_-9-_-_.yaml
cn/CN-GB_17625-1-2003_-_-_-_-_16A.yaml
cn/CN-GB_17625-1-2012_-_-_-_-_16A.yaml
cn/CN-GB_17625-1-2022_-_-_-1-_-_-_16A.yaml
cn/CN-GB_17625-2-1999_-_-_-16A.yaml
cn/CN-GB_17761-1999_.yaml
cn/CN-GB_17761-2018_.yaml
cn/CN-GB_17761-2024_.yaml
cn/CN-GB_18401-2003_-2.yaml
cn/CN-GB_18401-2003_.yaml
cn/CN-GB_18401-2010_-2.yaml
cn/CN-GB_18401-2010_.yaml
cn/CN-GB_18580-2001_-_.yaml
cn/CN-GB_18580-2017_-_-2.yaml
cn/CN-GB_18580-2017_-_.yaml
cn/CN-GB_18580-2025_-_.yaml
cn/CN-GB_18584-2001_-_-2.yaml
cn/CN-GB_18584-2001_-_.yaml
cn/CN-GB_18584-2024_.yaml
cn/CN-GB_19212-1-2008_-_-_-_-1-_.yaml
cn/CN-GB_19212-10-2007_-_-_-10-_III.yaml
cn/CN-GB_19212-14-2007_-_-_-14-_.yaml
cn/CN-GB_19212-18-2006_-_-_-18-_.yaml
cn/CN-GB_19212-21-2007_-_-_-21-_.yaml
cn/CN-GB_19212-3-2006_-_-_-3-_.yaml
cn/CN-GB_19212-5-2006_-_-_-5-_.yaml
cn/CN-GB_19212-6-2006_-_-_-6-_.yaml
cn/CN-GB_19212-7-2006_-_-_-7-_.yaml
cn/CN-GB_19212-9-2007_-_-_-9-_.yaml
cn/CN-GB_19517-2004_.yaml
cn/CN-GB_19517-2009_.yaml
cn/CN-GB_19517-2023_.yaml
cn/CN-GB_19593-2004_-_.yaml
cn/CN-GB_19593-2015_-_.yaml
cn/CN-GB_19594-2004_-_.yaml
cn/CN-GB_19594-2015_-_.yaml
cn/CN-GB_19595-2004_-_.yaml
cn/CN-GB_2099-1-1996_-_-_.yaml
cn/CN-GB_2099-2-1997_-_-_.yaml
cn/CN-GB_2099-3-1997_-_-_.yaml
cn/CN-GB_2099-3-2008_-_-2-_.yaml
cn/CN-GB_2099-7-2024_-_.yaml
cn/CN-GB_20997-2007_.yaml
cn/CN-GB_20997-2015_.yaml
cn/CN-GB_20997-2024_.yaml
cn/CN-GB_20998-2007_.yaml
cn/CN-GB_21027-2007_.yaml
cn/CN-GB_21027-2020_.yaml
cn/CN-GB_24613-2009_.yaml
cn/CN-GB_2760-1996_.yaml
cn/CN-GB_2760-2007_.yaml
cn/CN-GB_27607-2011_-_.yaml
cn/CN-GB_27608-2011_-_.yaml
cn/CN-GB_2762-1994_.yaml
cn/CN-GB_2762-2005_.yaml
cn/CN-GB_27950-2011_.yaml
cn/CN-GB_27950-2020_.yaml
cn/CN-GB_28234-2011_.yaml
cn/CN-GB_28234-2020_.yaml
cn/CN-GB_28480-2012_-_.yaml
cn/CN-GB_28480-2026_-_.yaml
cn/CN-GB_30002-2013_2013-10-10.yaml
cn/CN-GB_30585-2014_.yaml
cn/CN-GB_30585-2024_.yaml
cn/CN-GB_31241-2014_-_-2.yaml
cn/CN-GB_31241-2014_-_.yaml
cn/CN-GB_31241-2022_-_.yaml
cn/CN-GB_31241-4-2026_-_-4-_.yaml
cn/CN-GB_31701-2015_-2.yaml
cn/CN-GB_31701-2015_.yaml
cn/CN-GB_36246-2018_-2.yaml
cn/CN-GB_36246-2018_.yaml
cn/CN-GB_38031-2020_.yaml
cn/CN-GB_38031-2025_.yaml
cn/CN-GB_38031-2025_EN_.yaml
cn/CN-GB_39669-2020_.yaml
cn/CN-GB_40070-2021_.yaml
cn/CN-GB_4343-1-2003_-_-_-_-1-_.yaml
cn/CN-GB_4343-1-2009_-_-_-1-_.yaml
cn/CN-GB_4343-1-2018_-_-_-1-_.yaml
cn/CN-GB_4343-1-2024_-_-_-1-_.yaml
cn/CN-GB_4343-2-1999_-_-_-_-2-_-_.yaml
cn/CN-GB_44495-2024_.yaml
cn/CN-GB_4706-101-2010_-_-_-_.yaml
cn/CN-GB_4706-102-2010_-_.yaml
cn/CN-GB_4706-103-2010_-_.yaml
cn/CN-GB_4706-105-2011_-_-_.yaml
cn/CN-GB_4706-106-2011_-_.yaml
cn/CN-GB_4706-107-2012_-_.yaml
cn/CN-GB_4706-108-2012_-_-2-_.yaml
cn/CN-GB_4706-109-2013_-_.yaml
cn/CN-GB_4706-13-2014_-_-_.yaml
cn/CN-GB_4706-18-2014_-_.yaml
cn/CN-GB_4706-36-2014_-_.yaml
cn/CN-GB_4706-46-2014_-_.yaml
cn/CN-GB_4706-47-2014_-_.yaml
cn/CN-GB_4706-7-2014_-_.yaml
cn/CN-GB_4706-80-2014_-_.yaml
cn/CN-GB_4706-81-2014_-_.yaml
cn/CN-GB_4706-82-2014_-_.yaml
cn/CN-GB_4706-90-2014_-_.yaml
cn/CN-GB_4806-1-1994_-2.yaml
cn/CN-GB_4806-1-1994_.yaml
cn/CN-GB_4806-2-1994_.yaml
cn/CN-GB_48062-2026_.yaml
cn/CN-GB_48063-2026_.yaml
cn/CN-GB_4943-1-2011_-_-_-1-_.yaml
cn/CN-GB_4943-1-2022_-_-_-1-_.yaml
cn/CN-GB_4943-2001_.yaml
cn/CN-GB_4943-21-2019_-_-_-21-_.yaml
cn/CN-GB_4943-22-2019_-_-_-22-_.yaml
cn/CN-GB_4943-23-2012_-_-_-23-_.yaml
cn/CN-GB_5296-1-1997_-_.yaml
cn/CN-GB_5296-2-1999_-_.yaml
cn/CN-GB_5296-3-1995_-_-2.yaml
cn/CN-GB_5296-3-1995_-_.yaml
cn/CN-GB_5296-3-2008_-_.yaml
cn/CN-GB_5296-4-1998_-_.yaml
cn/CN-GB_5296-5-1996_-_.yaml
cn/CN-GB_6675-1-2014_-_-1-_.yaml
cn/CN-GB_6675-1-2025_-_-1-_.yaml
cn/CN-GB_6675-11-2014_-_-11-_-_-_.yaml
cn/CN-GB_6675-12-2014_-_-12-_.yaml
cn/CN-GB_6675-13-2014_-_-13-_.yaml
cn/CN-GB_6675-14-2014_-_-14-_.yaml
cn/CN-GB_6675-2-2014_-_-2-_.yaml
cn/CN-GB_6675-2-2025_-_-2-_.yaml
cn/CN-GB_6675-3-2025_-_-3-_.yaml
cn/CN-GB_6675-4-2025_-_-4-_.yaml
cn/CN-GB_7718-1994_.yaml
cn/CN-GB_7718-2004_.yaml
cn/CN-GB_8368-1998_.yaml
cn/CN-GB_8368-2005_-_.yaml
cn/CN-GB_8368-2018_-_.yaml
cn/CN-GB_8898-2001_-_.yaml
cn/CN-GB_8898-2011_-_-_.yaml
cn/CN-GB_9254-1998_.yaml
cn/CN-GB_9706-202-2021_-_-2-2-_.yaml
cn/CN-GB_9706-204-2022_-_-2-4-_.yaml
cn/CN-GB_9706-213-2021_-_-2-13-_.yaml
cn/CN-GB_9706-222-2022_-_-2-22-_-_-_.yaml
cn/CN-GB_9706-224-2021_-_-2-24-_.yaml
cn/CN-GB_9706-255-2022_-_-2-55-_.yaml
cn/CN-GB_9706-271-2022_-_-2-71-_-_NIRS_.yaml
cn/CN-GB_9706-275-2022_-_-2-75-_.yaml
cn/CN-GB_9706-283-2022_-_-2-83-_.yaml
cn/CN-GB_9706-290-2022_-_-2-90-_.yaml
cn/CN-GB_SEARCH_GB_18401_-_OPENSTD.yaml
cn/CN-GB_SEARCH_GB_31241_-_OPENSTD.yaml
cn/CN-GB_SEARCH_GB_4706_-_OPENSTD.yaml
cn/CN-GB_SEARCH_GB_4806_-_OPENSTD.yaml
cn/CN-GB_SEARCH_GB_4943_-_OPENSTD.yaml
cn/CN-GB_SEARCH_GB_5296_-_OPENSTD.yaml
cn/CN-GB_SEARCH_GB_6675_-_OPENSTD.yaml
cn/CN-GB_T_26125-2011_-_-_-_-_-_-_-_.yaml
cn/CN-GB_T_26572-2011_.yaml
cn/CN-GB_T_39560-10-2024_-_-10-_-_GC-MS_-_PAHS.yaml
cn/CN-GB_T_39560-12-2024_-_-12-_-_.yaml
cn/CN-GB_T_39560-2-2024_-_-2-_-_.yaml
cn/CN-GB_T_39560-302-2024_-_-3-2-_-_C-IC_-_.yaml
cn/CN-GB_T_39560-303-2024_-_-3-3-_-_-_PY_TD-GC-MS_-_.yaml
cn/CN-GB_T_39560-4-2021_-_-4-_CV-AAS_CV-AFS_ICP-OES-ICP-MS-_.yaml
cn/CN-GB_T_39560-5-2021_-_-5-_AAS_AFS_ICP-OES-ICP-MS-_-_-_.yaml
cn/CN-GB_T_39560-702-2021_-_-7-2-_-_-_CR_VI.yaml
cn/CN-GB_T_39560-8-2021_-_-8-_-_GC-MS_-_-_PY_TD-GC-MS_.yaml
cn/CN-GB_T_39560-9-2024_-_-9-_-_GC-MS_.yaml
cn/CN-GB_T_4943-2-2026_-_-_-2-_-GB_4943-1_2022.yaml
cn/CN-MIIT_-_-_MIIT-GOV-CN.yaml
cn/CN-ODI-NDRC_-_GOV-CN.yaml
cn/CN-PIPL_-_NPC-GOV-CN.yaml
cn/CN-SAMR_-_-_SAMR-GOV-CN.yaml
cn/CN-SRRC.yaml
cn/CN-TECH-EXPORT-CATALOG_-_MOFCOM.yaml
cn/raw/
cn/raw/CN-CSL_\#347\#275\#221\#347\#273\#234\#345\#256\#211\#345\#205\#250\#346\#263\#225_npc.gov.cn.html
cn/raw/CN-DSL_\#346\#225\#260\#346\#215\#256\#345\#256\#211\#345\#205\#250\#346\#263\#225_npc.gov.cn.html
cn/raw/CN-DUAL-USE_\#344\#270\#244\#347\#224\#250\#347\#211\#251\#351\#241\#271\#345\#207\#272\#345\#217\#243\#347\#256\#241\#345\#210\#266\#346\#235\#241\#344\#276\#213_gov.cn.html
cn/raw/CN-ECL_\#345\#207\#272\#345\#217\#243\#347\#256\#241\#345\#210\#266\#346\#263\#225_npc.gov.cn.html
cn/raw/CN-FLK_\#345\#233\#275\#345\#256\#266\#346\#263\#225\#345\#276\#213\#346\#263\#225\#350\#247\#204\#346\#225\#260\#346\#215\#256\#345\#272\#223_flk.npc.gov.cn.html
cn/raw/CN-GB-44495_\#346\#261\#275\#350\#275\#246\#346\#225\#264\#350\#275\#246\#344\#277\#241\#346\#201\#257\#345\#256\#211\#345\#205\#250\#346\#212\#200\#346\#234\#257\#350\#246\#201\#346\#261\#202_openstd.html
cn/raw/CN-GB_search_GB_18401_\#347\#272\#272\#347\#273\#207\#344\#272\#247\#345\#223\#201\#345\#256\#211\#345\#205\#250_openstd.html
cn/raw/CN-GB_search_GB_31241_\#351\#224\#202\#347\#224\#265\#346\#261\#240\#345\#256\#211\#345\#205\#250_openstd.html
cn/raw/CN-GB_search_GB_4706_\#345\#256\#266\#347\#224\#250\#347\#224\#265\#345\#231\#250\#345\#256\#211\#345\#205\#250_openstd.html
cn/raw/CN-GB_search_GB_4806_\#351\#243\#237\#345\#223\#201\#346\#216\#245\#350\#247\#246\#346\#235\#220\#346\#226\#231_openstd.html
cn/raw/CN-GB_search_GB_4943_\#351\#237\#263\#350\#247\#206\#351\#242\#221\#344\#277\#241\#346\#201\#257\#346\#212\#200\#346\#234\#257\#350\#256\#276\#345\#244\#207_openstd.html
cn/raw/CN-GB_search_GB_5296_\#344\#275\#277\#347\#224\#250\#350\#257\#264\#346\#230\#216_openstd.html
cn/raw/CN-GB_search_GB_6675_\#347\#216\#251\#345\#205\#267\#345\#256\#211\#345\#205\#250_openstd.html
cn/raw/CN-MIIT_\#345\#267\#245\#344\#277\#241\#351\#203\#250_\#346\#226\#207\#344\#273\#266\#345\#217\#221\#345\#270\#203_miit.gov.cn.html
cn/raw/CN-ODI-NDRC_\#344\#274\#201\#344\#270\#232\#345\#242\#203\#345\#244\#226\#346\#212\#225\#350\#265\#204\#347\#256\#241\#347\#220\#206\#345\#212\#236\#346\#263\#225_gov.cn.html
cn/raw/CN-PIPL_\#344\#270\#252\#344\#272\#272\#344\#277\#241\#346\#201\#257\#344\#277\#235\#346\#212\#244\#346\#263\#225_npc.gov.cn.html
cn/raw/CN-SAMR_\#345\#270\#202\#345\#234\#272\#347\#233\#221\#347\#256\#241\#346\#200\#273\#345\#261\#200_\#346\#226\#260\#351\#227\#273_samr.gov.cn.html
cn/raw/CN-TECH-EXPORT-CATALOG_\#347\#246\#201\#346\#255\#242\#345\#207\#272\#345\#217\#243\#351\#231\#220\#345\#210\#266\#345\#207\#272\#345\#217\#243\#346\#212\#200\#346\#234\#257\#347\#233\#256\#345\#275\#225_mofcom.html
cn/raw/CN_\#344\#270\#223\#345\#210\#251\#346\#263\#225_npc.gov.cn.html
cn/raw/CN_\#344\#272\#247\#345\#223\#201\#350\#264\#250\#351\#207\#217\#346\#263\#225_npc.gov.cn.html
cn/raw/CN_\#345\#205\#250\#345\#233\#275\#344\#272\#272\#345\#244\#247_\#346\#263\#225\#345\#276\#213_npc.gov.cn.html
cn/raw/CN_\#345\#205\#254\#345\#217\#270\#346\#263\#225_2023_\#344\#277\#256\#350\#256\#242_npc.gov.cn.html
cn/raw/CN_\#345\#212\#263\#345\#212\#250\#345\#220\#210\#345\#220\#214\#346\#263\#225_npc.gov.cn.html
cn/raw/CN_\#345\#217\#215\#344\#270\#215\#346\#255\#243\#345\#275\#223\#347\#253\#236\#344\#272\#211\#346\#263\#225_npc.gov.cn.html
cn/raw/CN_\#345\#225\#206\#345\#212\#241\#351\#203\#250_\#346\#263\#225\#350\#247\#204_mofcom.gov.cn.html
cn/raw/CN_\#345\#225\#206\#345\#212\#241\#351\#203\#250\#346\#224\#277\#347\#255\#226\#345\#217\#221\#345\#270\#203_mofcom.gov.cn.html
cn/raw/CN_\#345\#225\#206\#346\#240\#207\#346\#263\#225_npc.gov.cn.html
cn/raw/CN_\#345\#233\#275\#345\#212\#241\#351\#231\#242\#346\#224\#277\#347\#255\#226\#346\#226\#207\#344\#273\#266\#345\#272\#223_gov.cn.html
cn/raw/CN_\#345\#270\#202\#345\#234\#272\#347\#233\#221\#347\#256\#241\#346\#200\#273\#345\#261\#200_\#346\#263\#225\#350\#247\#204_samr.gov.cn.html
cn/raw/CN_\#345\#271\#277\#345\#221\#212\#346\#263\#225_npc.gov.cn.html
cn/raw/CN_\#346\#240\#207\#345\#207\#206\#345\#214\#226\#346\#263\#225_npc.gov.cn.html
cn/raw/CN_\#346\#260\#221\#346\#263\#225\#345\#205\#270_npc.gov.cn.html
cn/raw/CN_\#346\#266\#210\#350\#264\#271\#350\#200\#205\#346\#235\#203\#347\#233\#212\#344\#277\#235\#346\#212\#244\#346\#263\#225_npc.gov.cn.html
cn/raw/CN_\#347\#224\#265\#345\#255\#220\#345\#225\#206\#345\#212\#241\#346\#263\#225_npc.gov.cn.html
cn/raw/CN_\#350\#215\#257\#345\#223\#201\#347\#256\#241\#347\#220\#206\#346\#263\#225_npc.gov.cn.html
cn/raw/CN_\#351\#243\#237\#345\#223\#201\#345\#256\#211\#345\#205\#250\#346\#263\#225_npc.gov.cn.html
cn/raw/GB_1002-1996_\#345\#256\#266\#347\#224\#250\#345\#222\#214\#347\#261\#273\#344\#274\#274\#347\#224\#250\#351\#200\#224\#345\#215\#225\#347\#233\#270\#346\#217\#222\#345\#244\#264\#346\#217\#222\#345\#272\#247_\#345\#236\#213\#345\#274\#217_\#345\#237\#272\#346\#234\#254\#345\#217\#202\#346\#225\#260\#345\#222\#214\#345\#260\#272\#345\#257\#270.html
cn/raw/GB_1002-2024_\#345\#256\#266\#347\#224\#250\#345\#222\#214\#347\#261\#273\#344\#274\#274\#347\#224\#250\#351\#200\#224\#345\#215\#225\#347\#233\#270\#346\#217\#222\#345\#244\#264\#346\#217\#222\#345\#272\#247_\#345\#236\#213\#345\#274\#217_\#345\#237\#272\#346\#234\#254\#345\#217\#202\#346\#225\#260\#345\#222\#214\#345\#260\#272\#345\#257\#270.html
cn/raw/GB_10631-1989_\#347\#203\#237\#350\#212\#261\#347\#210\#206\#347\#253\#271\#345\#256\#211\#345\#205\#250\#344\#270\#216\#350\#264\#250\#351\#207\#217.html
cn/raw/GB_10631-2004_\#347\#203\#237\#350\#212\#261\#347\#210\#206\#347\#253\#271_\#345\#256\#211\#345\#205\#250\#344\#270\#216\#350\#264\#250\#351\#207\#217.html
cn/raw/GB_10631-2013_\#347\#203\#237\#350\#212\#261\#347\#210\#206\#347\#253\#271_\#345\#256\#211\#345\#205\#250\#344\#270\#216\#350\#264\#250\#351\#207\#217.html
cn/raw/GB_10631-2025_\#347\#203\#237\#350\#212\#261\#347\#210\#206\#347\#253\#271_\#345\#256\#211\#345\#205\#250\#344\#270\#216\#350\#264\#250\#351\#207\#217.html
cn/raw/GB_12350-2000_\#345\#260\#217\#345\#212\#237\#347\#216\#207\#347\#224\#265\#345\#212\#250\#346\#234\#272\#347\#232\#204\#345\#256\#211\#345\#205\#250\#350\#246\#201\#346\#261\#202.html
cn/raw/GB_13837-2003_\#345\#243\#260\#351\#237\#263\#345\#222\#214\#347\#224\#265\#350\#247\#206\#345\#271\#277\#346\#222\#255\#346\#216\#245\#346\#224\#266\#346\#234\#272\#345\#217\#212\#346\#234\#211\#345\#205\#263\#350\#256\#276\#345\#244\#207\#346\#227\#240\#347\#272\#277\#347\#224\#265\#351\#252\#232\#346\#211\#260\#347\#211\#271\#346\#200\#247\#351\#231\#220\#345\#200\#274\#345\#222\#214\#346\#265\#213\#351\#207\#217\#346\#226\#271\#346\#263\#225.html
cn/raw/GB_15092.1-2003_\#345\#231\#250\#345\#205\#267\#345\#274\#200\#345\#205\#263_\#347\#254\#2541\#351\#203\#250\#345\#210\#206_\#351\#200\#232\#347\#224\#250\#350\#246\#201\#346\#261\#202.html
cn/raw/GB_15092.2-1994_\#345\#231\#250\#345\#205\#267\#345\#274\#200\#345\#205\#263_\#347\#254\#2542\#351\#203\#250\#345\#210\#206_\#350\#275\#257\#347\#272\#277\#345\#274\#200\#345\#205\#263\#347\#232\#204\#347\#211\#271\#346\#256\#212\#350\#246\#201\#346\#261\#202.html
cn/raw/GB_15092.3-1998_\#345\#231\#250\#345\#205\#267\#345\#274\#200\#345\#205\#263_\#347\#254\#2542\#351\#203\#250\#345\#210\#206_\#350\#275\#254\#346\#215\#242\#351\#200\#211\#346\#213\#251\#345\#231\#250\#347\#232\#204\#347\#211\#271\#346\#256\#212\#350\#246\#201\#346\#261\#202.html
cn/raw/GB_15092.4-1999_\#345\#231\#250\#345\#205\#267\#345\#274\#200\#345\#205\#263_\#347\#254\#2542\#351\#203\#250\#345\#210\#206_\#347\#213\#254\#347\#253\#213\#345\#256\#211\#350\#243\#205\#345\#274\#200\#345\#205\#263\#347\#232\#204\#347\#211\#271\#346\#256\#212\#350\#246\#201\#346\#261\#202.html
cn/raw/GB_15193.10-2003_\#351\#235\#236\#347\#250\#213\#345\#272\#217\#346\#200\#247DNA\#345\#220\#210\#346\#210\#220\#350\#257\#225\#351\#252\#214.html
cn/raw/GB_15193.11-2003_\#346\#236\#234\#350\#235\#207\#344\#274\#264\#346\#200\#247\#351\#232\#220\#346\#200\#247\#350\#207\#264\#346\#255\#273\#350\#257\#225\#351\#252\#214.html
cn/raw/GB_15193.12-2003_\#344\#275\#223\#345\#244\#226\#345\#223\#272\#344\#271\#263\#347\#261\#273\#347\#273\#206\#350\#203\#236_V79_HGPRT_\#345\#237\#272\#345\#233\#240\#347\#252\#201\#345\#217\#230\#350\#257\#225\#351\#252\#214.html
cn/raw/GB_15193.13-2003_30\#345\#244\#251\#345\#222\#21490\#345\#244\#251\#345\#226\#202\#345\#205\#273\#350\#257\#225\#351\#252\#214.html
cn/raw/GB_15193.17-2003_\#346\#205\#242\#346\#200\#247\#346\#257\#222\#346\#200\#247\#345\#222\#214\#350\#207\#264\#347\#231\#214\#350\#257\#225\#351\#252\#214.html
cn/raw/GB_15193.18-2003_\#346\#227\#245\#345\#256\#271\#350\#256\#270\#346\#221\#204\#345\#205\#245\#351\#207\#217_ADI_\#347\#232\#204\#345\#210\#266\#345\#256\#232.html
cn/raw/GB_15193.20-2003_TK\#345\#237\#272\#345\#233\#240\#347\#252\#201\#345\#217\#230\#350\#257\#225\#351\#252\#214.html
cn/raw/GB_15193.21-2003_\#345\#217\#227\#350\#257\#225\#347\#211\#251\#345\#244\#204\#347\#220\#206\#346\#226\#271\#346\#263\#225.html
cn/raw/GB_15193.3-2003_2003-09-24.html
cn/raw/GB_15193.8-2003_\#345\#260\#217\#351\#274\#240\#347\#235\#276\#344\#270\#270\#346\#237\#223\#350\#211\#262\#344\#275\#223\#347\#225\#270\#345\#217\#230\#350\#257\#225\#351\#252\#214.html
cn/raw/GB_1588-2001_2001-12-04.html
cn/raw/GB_1588-2024_\#345\#214\#273\#347\#224\#250\#347\#216\#273\#347\#222\#203\#344\#275\#223\#346\#270\#251\#350\#256\#241.html
cn/raw/GB_15979-2002_\#344\#270\#200\#346\#254\#241\#346\#200\#247\#344\#275\#277\#347\#224\#250\#345\#215\#253\#347\#224\#237\#347\#224\#250\#345\#223\#201\#345\#215\#253\#347\#224\#237\#346\#240\#207\#345\#207\#206.html
cn/raw/GB_15979-2024_\#344\#270\#200\#346\#254\#241\#346\#200\#247\#344\#275\#277\#347\#224\#250\#345\#215\#253\#347\#224\#237\#347\#224\#250\#345\#223\#201\#345\#215\#253\#347\#224\#237\#350\#246\#201\#346\#261\#202.html
cn/raw/GB_17465.1-1998_\#345\#256\#266\#347\#224\#250\#345\#222\#214\#347\#261\#273\#344\#274\#274\#347\#224\#250\#351\#200\#224\#347\#232\#204\#345\#231\#250\#345\#205\#267\#350\#200\#246\#345\#220\#210\#345\#231\#250_\#347\#254\#254\#344\#270\#200\#351\#203\#250\#345\#210\#206_\#351\#200\#232\#347\#224\#250\#350\#246\#201\#346\#261\#202.html
cn/raw/GB_17465.2-1998_\#345\#256\#266\#347\#224\#250\#345\#222\#214\#347\#261\#273\#344\#274\#274\#347\#224\#250\#351\#200\#224\#347\#232\#204\#345\#231\#250\#345\#205\#267\#350\#200\#246\#345\#220\#210\#345\#231\#250_\#347\#254\#254\#344\#272\#214\#351\#203\#250\#345\#210\#206_\#345\#256\#266\#347\#224\#250\#345\#222\#214\#347\#261\#273\#344\#274\#274\#350\#256\#276\#345\#244\#207\#347\#224\#250\#344\#272\#222\#350\#277\#236\#350\#200\#246\#345\#220\#210\#345\#231\#250.html
cn/raw/GB_17465.4-2009_\#345\#256\#266\#347\#224\#250\#345\#222\#214\#347\#261\#273\#344\#274\#274\#347\#224\#250\#351\#200\#224\#345\#231\#250\#345\#205\#267\#350\#200\#246\#345\#220\#210\#345\#231\#250_\#347\#254\#2542\#351\#203\#250\#345\#210\#206_\#351\#235\#240\#345\#231\#250\#345\#205\#267\#351\#207\#215\#351\#207\#217\#345\#225\#256\#345\#220\#210\#347\#232\#204\#350\#200\#246\#345\#220\#210\#345\#231\#250.html
cn/raw/GB_17498-1998_\#345\#201\#245\#350\#272\#253\#345\#231\#250\#346\#235\#220\#347\#232\#204\#345\#256\#211\#345\#205\#250_\#351\#200\#232\#347\#224\#250\#350\#246\#201\#346\#261\#202.html
cn/raw/GB_17498.1-2008_\#345\#233\#272\#345\#256\#232\#345\#274\#217\#345\#201\#245\#350\#272\#253\#345\#231\#250\#346\#235\#220_\#347\#254\#2541\#351\#203\#250\#345\#210\#206_\#351\#200\#232\#347\#224\#250\#345\#256\#211\#345\#205\#250\#350\#246\#201\#346\#261\#202\#345\#222\#214\#350\#257\#225\#351\#252\#214\#346\#226\#271\#346\#263\#225.html
cn/raw/GB_17498.10-2008_\#345\#233\#272\#345\#256\#232\#345\#274\#217\#345\#201\#245\#350\#272\#253\#345\#231\#250\#346\#235\#220_\#347\#254\#25410\#351\#203\#250\#345\#210\#206_\#345\#270\#246\#346\#234\#211\#345\#233\#272\#345\#256\#232\#350\#275\#256\#346\#210\#226\#346\#227\#240\#351\#243\#236\#350\#275\#256\#347\#232\#204\#345\#201\#245\#350\#272\#253\#350\#275\#246_\#351\#231\#204\#345\#212\#240\#347\#232\#204\#347\#211\#271\#346\#256\#212\#345\#256\#211\#345\#205\#250\#350\#246\#201\#346\#261\#202\#345\#222\#214\#350\#257\#225\#351\#252\#214\#346\#226\#271\#346\#263\#225.html
cn/raw/GB_17498.2-2008_\#345\#233\#272\#345\#256\#232\#345\#274\#217\#345\#201\#245\#350\#272\#253\#345\#231\#250\#346\#235\#220_\#347\#254\#2542\#351\#203\#250\#345\#210\#206_\#345\#212\#233\#351\#207\#217\#345\#236\#213\#350\#256\#255\#347\#273\#203\#345\#231\#250\#346\#235\#220_\#351\#231\#204\#345\#212\#240\#347\#232\#204\#347\#211\#271\#346\#256\#212\#345\#256\#211\#345\#205\#250\#350\#246\#201\#346\#261\#202\#345\#222\#214\#350\#257\#225\#351\#252\#214\#346\#226\#271\#346\#263\#225.html
cn/raw/GB_17498.4-2008_\#345\#233\#272\#345\#256\#232\#345\#274\#217\#345\#201\#245\#350\#272\#253\#345\#231\#250\#346\#235\#220_\#347\#254\#2544\#351\#203\#250\#345\#210\#206_\#345\#212\#233\#351\#207\#217\#345\#236\#213\#350\#256\#255\#347\#273\#203\#351\#225\#277\#345\#207\#263_\#351\#231\#204\#345\#212\#240\#347\#232\#204\#347\#211\#271\#346\#256\#212\#345\#256\#211\#345\#205\#250\#350\#246\#201\#346\#261\#202\#345\#222\#214\#350\#257\#225\#351\#252\#214\#346\#226\#271\#346\#263\#225.html
cn/raw/GB_17498.5-2008_\#345\#233\#272\#345\#256\#232\#345\#274\#217\#345\#201\#245\#350\#272\#253\#345\#231\#250\#346\#235\#220_\#347\#254\#2545\#351\#203\#250\#345\#210\#206_\#346\#233\#262\#346\#237\#204\#350\#270\#217\#346\#235\#277\#347\#261\#273\#350\#256\#255\#347\#273\#203\#345\#231\#250\#346\#235\#220_\#351\#231\#204\#345\#212\#240\#347\#232\#204\#347\#211\#271\#346\#256\#212\#345\#256\#211\#345\#205\#250\#350\#246\#201\#346\#261\#202\#345\#222\#214\#350\#257\#225\#351\#252\#214\#346\#226\#271\#346\#263\#225.html
cn/raw/GB_17498.6-2008_\#345\#233\#272\#345\#256\#232\#345\#274\#217\#345\#201\#245\#350\#272\#253\#345\#231\#250\#346\#235\#220_\#347\#254\#2546\#351\#203\#250\#345\#210\#206_\#350\#267\#221\#346\#255\#245\#346\#234\#272_\#351\#231\#204\#345\#212\#240\#347\#232\#204\#347\#211\#271\#346\#256\#212\#345\#256\#211\#345\#205\#250\#350\#246\#201\#346\#261\#202\#345\#222\#214\#350\#257\#225\#351\#252\#214\#346\#226\#271\#346\#263\#225.html
cn/raw/GB_17498.7-2008_\#345\#233\#272\#345\#256\#232\#345\#274\#217\#345\#201\#245\#350\#272\#253\#345\#231\#250\#346\#235\#220_\#347\#254\#2547\#351\#203\#250\#345\#210\#206_\#345\#210\#222\#350\#210\#271\#345\#231\#250_\#351\#231\#204\#345\#212\#240\#347\#232\#204\#347\#211\#271\#346\#256\#212\#345\#256\#211\#345\#205\#250\#350\#246\#201\#346\#261\#202\#345\#222\#214\#350\#257\#225\#351\#252\#214\#346\#226\#271\#346\#263\#225.html
cn/raw/GB_17498.8-2008_\#345\#233\#272\#345\#256\#232\#345\#274\#217\#345\#201\#245\#350\#272\#253\#345\#231\#250\#346\#235\#220_\#347\#254\#2548\#351\#203\#250\#345\#210\#206_\#350\#270\#217\#346\#255\#245\#346\#234\#272_\#351\#230\#266\#346\#242\#257\#346\#234\#272\#345\#222\#214\#347\#231\#273\#345\#261\#261\#345\#231\#250_\#351\#231\#204\#345\#212\#240\#347\#232\#204\#347\#211\#271\#346\#256\#212\#345\#256\#211\#345\#205\#250\#350\#246\#201\#346\#261\#202\#345\#222\#214\#350\#257\#225\#351\#252\#214\#346\#226\#271\#346\#263\#225.html
cn/raw/GB_17498.9-2008_\#345\#233\#272\#345\#256\#232\#345\#274\#217\#345\#201\#245\#350\#272\#253\#345\#231\#250\#346\#235\#220_\#347\#254\#2549\#351\#203\#250\#345\#210\#206_\#346\#244\#255\#345\#234\#206\#350\#256\#255\#347\#273\#203\#346\#234\#272_\#351\#231\#204\#345\#212\#240\#347\#232\#204\#347\#211\#271\#346\#256\#212\#345\#256\#211\#345\#205\#250\#350\#246\#201\#346\#261\#202\#345\#222\#214\#350\#257\#225\#351\#252\#214\#346\#226\#271\#346\#263\#225.html
cn/raw/GB_17625.1-2003_\#347\#224\#265\#347\#243\#201\#345\#205\#274\#345\#256\#271_\#351\#231\#220\#345\#200\#274_\#350\#260\#220\#346\#263\#242\#347\#224\#265\#346\#265\#201\#345\#217\#221\#345\#260\#204\#351\#231\#220\#345\#200\#274_\#350\#256\#276\#345\#244\#207\#346\#257\#217\#347\#233\#270\#350\#276\#223\#345\#205\#245\#347\#224\#265\#346\#265\#201_16A.html
cn/raw/GB_17625.1-2012_\#347\#224\#265\#347\#243\#201\#345\#205\#274\#345\#256\#271_\#351\#231\#220\#345\#200\#274_\#350\#260\#220\#346\#263\#242\#347\#224\#265\#346\#265\#201\#345\#217\#221\#345\#260\#204\#351\#231\#220\#345\#200\#274_\#350\#256\#276\#345\#244\#207\#346\#257\#217\#347\#233\#270\#350\#276\#223\#345\#205\#245\#347\#224\#265\#346\#265\#201_16A.html
cn/raw/GB_17625.1-2022_\#347\#224\#265\#347\#243\#201\#345\#205\#274\#345\#256\#271_\#351\#231\#220\#345\#200\#274_\#347\#254\#2541\#351\#203\#250\#345\#210\#206_\#350\#260\#220\#346\#263\#242\#347\#224\#265\#346\#265\#201\#345\#217\#221\#345\#260\#204\#351\#231\#220\#345\#200\#274_\#350\#256\#276\#345\#244\#207\#346\#257\#217\#347\#233\#270\#350\#276\#223\#345\#205\#245\#347\#224\#265\#346\#265\#201_16A.html
cn/raw/GB_17625.2-1999_\#347\#224\#265\#347\#243\#201\#345\#205\#274\#345\#256\#271_\#351\#231\#220\#345\#200\#274_\#345\#257\#271\#351\#242\#235\#345\#256\#232\#347\#224\#265\#346\#265\#201\#344\#270\#215\#345\#244\#247\#344\#272\#21616A\#347\#232\#204\#350\#256\#276\#345\#244\#207\#345\#234\#250\#344\#275\#216\#345\#216\#213\#344\#276\#233\#347\#224\#265\#347\#263\#273\#347\#273\#237\#344\#270\#255\#344\#272\#247\#347\#224\#237\#347\#232\#204\#347\#224\#265\#345\#216\#213\#346\#263\#242\#345\#212\#250\#345\#222\#214\#351\#227\#252\#347\#203\#201\#347\#232\#204\#351\#231\#220\#345\#210\#266.html
cn/raw/GB_17761-1999_\#347\#224\#265\#345\#212\#250\#350\#207\#252\#350\#241\#214\#350\#275\#246\#351\#200\#232\#347\#224\#250\#346\#212\#200\#346\#234\#257\#346\#235\#241\#344\#273\#266.html
cn/raw/GB_17761-2018_\#347\#224\#265\#345\#212\#250\#350\#207\#252\#350\#241\#214\#350\#275\#246\#345\#256\#211\#345\#205\#250\#346\#212\#200\#346\#234\#257\#350\#247\#204\#350\#214\#203.html
cn/raw/GB_17761-2024_\#347\#224\#265\#345\#212\#250\#350\#207\#252\#350\#241\#214\#350\#275\#246\#345\#256\#211\#345\#205\#250\#346\#212\#200\#346\#234\#257\#350\#247\#204\#350\#214\#203.html
cn/raw/GB_18401-2003_\#345\#233\#275\#345\#256\#266\#347\#272\#272\#347\#273\#207\#344\#272\#247\#345\#223\#201\#345\#237\#272\#346\#234\#254\#345\#256\#211\#345\#205\#250\#346\#212\#200\#346\#234\#257\#350\#247\#204\#350\#214\#203.html
cn/raw/GB_18401-2010_\#345\#233\#275\#345\#256\#266\#347\#272\#272\#347\#273\#207\#344\#272\#247\#345\#223\#201\#345\#237\#272\#346\#234\#254\#345\#256\#211\#345\#205\#250\#346\#212\#200\#346\#234\#257\#350\#247\#204\#350\#214\#203.html
cn/raw/GB_18580-2001_\#345\#256\#244\#345\#206\#205\#350\#243\#205\#351\#245\#260\#350\#243\#205\#344\#277\#256\#346\#235\#220\#346\#226\#231_\#344\#272\#272\#351\#200\#240\#346\#235\#277\#345\#217\#212\#345\#205\#266\#345\#210\#266\#345\#223\#201\#344\#270\#255\#347\#224\#262\#351\#206\#233\#351\#207\#212\#346\#224\#276\#351\#231\#220\#351\#207\#217.html
cn/raw/GB_18580-2017_\#345\#256\#244\#345\#206\#205\#350\#243\#205\#351\#245\#260\#350\#243\#205\#344\#277\#256\#346\#235\#220\#346\#226\#231_\#344\#272\#272\#351\#200\#240\#346\#235\#277\#345\#217\#212\#345\#205\#266\#345\#210\#266\#345\#223\#201\#344\#270\#255\#347\#224\#262\#351\#206\#233\#351\#207\#212\#346\#224\#276\#351\#231\#220\#351\#207\#217.html
cn/raw/GB_18580-2025_\#345\#256\#244\#345\#206\#205\#350\#243\#205\#351\#245\#260\#350\#243\#205\#344\#277\#256\#346\#235\#220\#346\#226\#231_\#344\#272\#272\#351\#200\#240\#346\#235\#277\#345\#217\#212\#345\#205\#266\#345\#210\#266\#345\#223\#201\#344\#270\#255\#347\#224\#262\#351\#206\#233\#351\#207\#212\#346\#224\#276\#351\#231\#220\#351\#207\#217.html
cn/raw/GB_18584-2001_\#345\#256\#244\#345\#206\#205\#350\#243\#205\#351\#245\#260\#350\#243\#205\#344\#277\#256\#346\#235\#220\#346\#226\#231_\#346\#234\#250\#345\#256\#266\#345\#205\#267\#344\#270\#255\#346\#234\#211\#345\#256\#263\#347\#211\#251\#350\#264\#250\#351\#231\#220\#351\#207\#217.html
cn/raw/GB_18584-2024_\#345\#256\#266\#345\#205\#267\#344\#270\#255\#346\#234\#211\#345\#256\#263\#347\#211\#251\#350\#264\#250\#351\#231\#220\#351\#207\#217.html
cn/raw/GB_19212.1-2008_\#347\#224\#265\#345\#212\#233\#345\#217\#230\#345\#216\#213\#345\#231\#250_\#347\#224\#265\#346\#272\#220_\#347\#224\#265\#346\#212\#227\#345\#231\#250\#345\#222\#214\#347\#261\#273\#344\#274\#274\#344\#272\#247\#345\#223\#201\#347\#232\#204\#345\#256\#211\#345\#205\#250_\#347\#254\#2541\#351\#203\#250\#345\#210\#206_\#351\#200\#232\#347\#224\#250\#350\#246\#201\#346\#261\#202\#345\#222\#214\#350\#257\#225\#351\#252\#214.html
cn/raw/GB_19212.10-2007_\#347\#224\#265\#345\#212\#233\#345\#217\#230\#345\#216\#213\#345\#231\#250_\#347\#224\#265\#346\#272\#220\#350\#243\#205\#347\#275\#256\#345\#222\#214\#347\#261\#273\#344\#274\#274\#344\#272\#247\#345\#223\#201\#347\#232\#204\#345\#256\#211\#345\#205\#250_\#347\#254\#25410\#351\#203\#250\#345\#210\#206_III\#347\#261\#273\#346\#211\#213\#346\#217\#220\#351\#222\#250\#344\#270\#235\#347\#201\#257\#347\#224\#250\#345\#217\#230\#345\#216\#213\#345\#231\#250\#347\#232\#204\#347\#211\#271\#346\#256\#212\#350\#246\#201\#346\#261\#202.html
cn/raw/GB_19212.14-2007_\#347\#224\#265\#345\#212\#233\#345\#217\#230\#345\#216\#213\#345\#231\#250_\#347\#224\#265\#346\#272\#220\#350\#243\#205\#347\#275\#256\#345\#222\#214\#347\#261\#273\#344\#274\#274\#344\#272\#247\#345\#223\#201\#347\#232\#204\#345\#256\#211\#345\#205\#250_\#347\#254\#25414\#351\#203\#250\#345\#210\#206_\#344\#270\#200\#350\#210\#254\#347\#224\#250\#351\#200\#224\#350\#207\#252\#350\#200\#246\#345\#217\#230\#345\#216\#213\#345\#231\#250\#347\#232\#204\#347\#211\#271\#346\#256\#212\#350\#246\#201\#346\#261\#202.html
cn/raw/GB_19212.18-2006_\#347\#224\#265\#345\#212\#233\#345\#217\#230\#345\#216\#213\#345\#231\#250_\#347\#224\#265\#346\#272\#220\#350\#243\#205\#347\#275\#256\#345\#222\#214\#347\#261\#273\#344\#274\#274\#344\#272\#247\#345\#223\#201\#347\#232\#204\#345\#256\#211\#345\#205\#250_\#347\#254\#25418\#351\#203\#250\#345\#210\#206_\#345\#274\#200\#345\#205\#263\#345\#236\#213\#347\#224\#265\#346\#272\#220\#347\#224\#250\#345\#217\#230\#345\#216\#213\#345\#231\#250\#347\#232\#204\#347\#211\#271\#346\#256\#212\#350\#246\#201\#346\#261\#202.html
cn/raw/GB_19212.21-2007_\#347\#224\#265\#345\#212\#233\#345\#217\#230\#345\#216\#213\#345\#231\#250_\#347\#224\#265\#346\#272\#220\#350\#243\#205\#347\#275\#256\#345\#222\#214\#347\#261\#273\#344\#274\#274\#344\#272\#247\#345\#223\#201\#347\#232\#204\#345\#256\#211\#345\#205\#250_\#347\#254\#25421\#351\#203\#250\#345\#210\#206_\#345\#260\#217\#345\#236\#213\#347\#224\#265\#346\#212\#227\#345\#231\#250\#347\#232\#204\#347\#211\#271\#346\#256\#212\#350\#246\#201\#346\#261\#202.html
cn/raw/GB_19212.3-2006_\#347\#224\#265\#345\#212\#233\#345\#217\#230\#345\#216\#213\#345\#231\#250_\#347\#224\#265\#346\#272\#220\#350\#243\#205\#347\#275\#256\#345\#222\#214\#347\#261\#273\#344\#274\#274\#344\#272\#247\#345\#223\#201\#347\#232\#204\#345\#256\#211\#345\#205\#250_\#347\#254\#2543\#351\#203\#250\#345\#210\#206_\#346\#216\#247\#345\#210\#266\#345\#217\#230\#345\#216\#213\#345\#231\#250\#347\#232\#204\#347\#211\#271\#346\#256\#212\#350\#246\#201\#346\#261\#202.html
cn/raw/GB_19212.5-2006_\#347\#224\#265\#345\#212\#233\#345\#217\#230\#345\#216\#213\#345\#231\#250_\#347\#224\#265\#346\#272\#220\#350\#243\#205\#347\#275\#256\#345\#222\#214\#347\#261\#273\#344\#274\#274\#344\#272\#247\#345\#223\#201\#347\#232\#204\#345\#256\#211\#345\#205\#250_\#347\#254\#2545\#351\#203\#250\#345\#210\#206_\#344\#270\#200\#350\#210\#254\#347\#224\#250\#351\#200\#224\#351\#232\#224\#347\#246\#273\#345\#217\#230\#345\#216\#213\#345\#231\#250\#347\#232\#204\#347\#211\#271\#346\#256\#212\#350\#246\#201\#346\#261\#202.html
cn/raw/GB_19212.6-2006_\#347\#224\#265\#345\#212\#233\#345\#217\#230\#345\#216\#213\#345\#231\#250_\#347\#224\#265\#346\#272\#220\#350\#243\#205\#347\#275\#256\#345\#222\#214\#347\#261\#273\#344\#274\#274\#344\#272\#247\#345\#223\#201\#347\#232\#204\#345\#256\#211\#345\#205\#250_\#347\#254\#2546\#351\#203\#250\#345\#210\#206_\#345\#211\#203\#351\#241\#273\#345\#210\#200\#347\#224\#250\#345\#217\#230\#345\#216\#213\#345\#231\#250\#345\#222\#214\#345\#211\#203\#351\#241\#273\#345\#210\#200\#347\#224\#250\#347\#224\#265\#346\#272\#220\#350\#243\#205\#347\#275\#256\#347\#232\#204\#347\#211\#271\#346\#256\#212\#350\#246\#201\#346\#261\#202.html
cn/raw/GB_19212.7-2006_\#347\#224\#265\#345\#212\#233\#345\#217\#230\#345\#216\#213\#345\#231\#250_\#347\#224\#265\#346\#272\#220\#350\#243\#205\#347\#275\#256\#345\#222\#214\#347\#261\#273\#344\#274\#274\#344\#272\#247\#345\#223\#201\#347\#232\#204\#345\#256\#211\#345\#205\#250_\#347\#254\#2547\#351\#203\#250\#345\#210\#206_\#344\#270\#200\#350\#210\#254\#347\#224\#250\#351\#200\#224\#345\#256\#211\#345\#205\#250\#351\#232\#224\#347\#246\#273\#345\#217\#230\#345\#216\#213\#345\#231\#250\#347\#232\#204\#347\#211\#271\#346\#256\#212\#350\#246\#201\#346\#261\#202.html
cn/raw/GB_19212.9-2007_\#347\#224\#265\#345\#212\#233\#345\#217\#230\#345\#216\#213\#345\#231\#250_\#347\#224\#265\#346\#272\#220\#350\#243\#205\#347\#275\#256\#345\#222\#214\#347\#261\#273\#344\#274\#274\#344\#272\#247\#345\#223\#201\#347\#232\#204\#345\#256\#211\#345\#205\#250_\#347\#254\#2549\#351\#203\#250\#345\#210\#206_\#347\#224\#265\#351\#223\#203\#345\#222\#214\#347\#224\#265\#351\#222\#237\#345\#217\#230\#345\#216\#213\#345\#231\#250\#347\#232\#204\#347\#211\#271\#346\#256\#212\#350\#246\#201\#346\#261\#202.html
cn/raw/GB_19517-2004_\#345\#233\#275\#345\#256\#266\#347\#224\#265\#346\#260\#224\#350\#256\#276\#345\#244\#207\#345\#256\#211\#345\#205\#250\#346\#212\#200\#346\#234\#257\#350\#247\#204\#350\#214\#203.html
cn/raw/GB_19517-2009_\#345\#233\#275\#345\#256\#266\#347\#224\#265\#346\#260\#224\#350\#256\#276\#345\#244\#207\#345\#256\#211\#345\#205\#250\#346\#212\#200\#346\#234\#257\#350\#247\#204\#350\#214\#203.html
cn/raw/GB_19517-2023_\#345\#233\#275\#345\#256\#266\#347\#224\#265\#346\#260\#224\#350\#256\#276\#345\#244\#207\#345\#256\#211\#345\#205\#250\#346\#212\#200\#346\#234\#257\#350\#247\#204\#350\#214\#203.html
cn/raw/GB_19593-2004_\#347\#203\#237\#350\#212\#261\#347\#210\#206\#347\#253\#271_\#347\#273\#204\#345\#220\#210\#347\#203\#237\#350\#212\#261.html
cn/raw/GB_19593-2015_\#347\#203\#237\#350\#212\#261\#347\#210\#206\#347\#253\#271_\#347\#273\#204\#345\#220\#210\#347\#203\#237\#350\#212\#261.html
cn/raw/GB_19594-2004_\#347\#203\#237\#350\#212\#261\#347\#210\#206\#347\#253\#271_\#347\#244\#274\#350\#212\#261\#345\#274\#271.html
cn/raw/GB_19594-2015_\#347\#203\#237\#350\#212\#261\#347\#210\#206\#347\#253\#271_\#347\#244\#274\#350\#212\#261\#345\#274\#271.html
cn/raw/GB_19595-2004_\#347\#203\#237\#350\#212\#261\#347\#210\#206\#347\#253\#271_\#345\#274\#225\#347\#201\#253\#347\#272\#277.html
cn/raw/GB_2099.1-1996_\#345\#256\#266\#347\#224\#250\#345\#222\#214\#347\#261\#273\#344\#274\#274\#347\#224\#250\#351\#200\#224\#346\#217\#222\#345\#244\#264\#346\#217\#222\#345\#272\#247_\#347\#254\#254\#344\#270\#200\#351\#203\#250\#345\#210\#206_\#351\#200\#232\#347\#224\#250\#350\#246\#201\#346\#261\#202.html
cn/raw/GB_2099.2-1997_\#345\#256\#266\#347\#224\#250\#345\#222\#214\#347\#261\#273\#344\#274\#274\#347\#224\#250\#351\#200\#224\#346\#217\#222\#345\#244\#264\#346\#217\#222\#345\#272\#247_\#347\#254\#254\#344\#272\#214\#351\#203\#250\#345\#210\#206_\#345\#231\#250\#345\#205\#267\#346\#217\#222\#345\#272\#247\#347\#232\#204\#347\#211\#271\#346\#256\#212\#350\#246\#201\#346\#261\#202.html
cn/raw/GB_2099.3-1997_\#345\#256\#266\#347\#224\#250\#345\#222\#214\#347\#261\#273\#344\#274\#274\#347\#224\#250\#351\#200\#224\#346\#217\#222\#345\#244\#264\#346\#217\#222\#345\#272\#247_\#347\#254\#254\#344\#272\#214\#351\#203\#250\#345\#210\#206_\#350\#275\#254\#346\#215\#242\#345\#231\#250\#347\#232\#204\#347\#211\#271\#346\#256\#212\#350\#246\#201\#346\#261\#202.html
cn/raw/GB_2099.3-2008_\#345\#256\#266\#347\#224\#250\#345\#222\#214\#347\#261\#273\#344\#274\#274\#347\#224\#250\#351\#200\#224\#346\#217\#222\#345\#244\#264\#346\#217\#222\#345\#272\#247_\#347\#254\#2542\#351\#203\#250\#345\#210\#206_\#350\#275\#254\#346\#215\#242\#345\#231\#250\#347\#232\#204\#347\#211\#271\#346\#256\#212\#350\#246\#201\#346\#261\#202.html
cn/raw/GB_2099.7-2024_\#345\#256\#266\#347\#224\#250\#345\#222\#214\#347\#261\#273\#344\#274\#274\#347\#224\#250\#351\#200\#224\#345\#273\#266\#351\#225\#277\#347\#272\#277\#346\#217\#222\#345\#272\#247_\#345\#256\#211\#345\#205\#250\#346\#212\#200\#346\#234\#257\#350\#247\#204\#350\#214\#203.html
cn/raw/GB_20997-2007_\#350\#275\#273\#345\#236\#213\#345\#225\#206\#347\#224\#250\#350\#275\#246\#350\#276\#206\#347\#207\#203\#346\#226\#231\#346\#266\#210\#350\#200\#227\#351\#207\#217\#351\#231\#220\#345\#200\#274.html
cn/raw/GB_20997-2015_\#350\#275\#273\#345\#236\#213\#345\#225\#206\#347\#224\#250\#350\#275\#246\#350\#276\#206\#347\#207\#203\#346\#226\#231\#346\#266\#210\#350\#200\#227\#351\#207\#217\#351\#231\#220\#345\#200\#274.html
cn/raw/GB_20997-2024_\#350\#275\#273\#345\#236\#213\#345\#225\#206\#347\#224\#250\#350\#275\#246\#350\#276\#206\#347\#207\#203\#346\#226\#231\#346\#266\#210\#350\#200\#227\#351\#207\#217\#351\#231\#220\#345\#200\#274\#345\#217\#212\#350\#257\#204\#344\#273\#267\#346\#214\#207\#346\#240\#207.html
cn/raw/GB_20998-2007_\#346\#221\#251\#346\#211\#230\#350\#275\#246\#345\#222\#214\#350\#275\#273\#344\#276\#277\#346\#221\#251\#346\#211\#230\#350\#275\#246\#347\#207\#203\#346\#262\#271\#350\#222\#270\#345\#217\#221\#346\#261\#241\#346\#237\#223\#347\#211\#251\#346\#216\#222\#346\#224\#276\#351\#231\#220\#345\#200\#274\#345\#217\#212\#346\#265\#213\#351\#207\#217\#346\#226\#271\#346\#263\#225.html
cn/raw/GB_21027-2007_\#345\#255\#246\#347\#224\#237\#347\#224\#250\#345\#223\#201\#347\#232\#204\#345\#256\#211\#345\#205\#250\#351\#200\#232\#347\#224\#250\#350\#246\#201\#346\#261\#202.html
cn/raw/GB_21027-2020_\#345\#255\#246\#347\#224\#237\#347\#224\#250\#345\#223\#201\#347\#232\#204\#345\#256\#211\#345\#205\#250\#351\#200\#232\#347\#224\#250\#350\#246\#201\#346\#261\#202.html
cn/raw/GB_24613-2009_\#347\#216\#251\#345\#205\#267\#347\#224\#250\#346\#266\#202\#346\#226\#231\#344\#270\#255\#346\#234\#211\#345\#256\#263\#347\#211\#251\#350\#264\#250\#351\#231\#220\#351\#207\#217.html
cn/raw/GB_2760-1996_\#351\#243\#237\#345\#223\#201\#346\#267\#273\#345\#212\#240\#345\#211\#202\#344\#275\#277\#347\#224\#250\#345\#215\#253\#347\#224\#237\#346\#240\#207\#345\#207\#206.html
cn/raw/GB_2760-2007_\#351\#243\#237\#345\#223\#201\#346\#267\#273\#345\#212\#240\#345\#211\#202\#344\#275\#277\#347\#224\#250\#345\#215\#253\#347\#224\#237\#346\#240\#207\#345\#207\#206.html
cn/raw/GB_27607-2011_\#346\#234\#272\#346\#242\#260\#345\#216\#213\#345\#212\#233\#346\#234\#272_\#345\#256\#211\#345\#205\#250\#346\#212\#200\#346\#234\#257\#350\#246\#201\#346\#261\#202.html
cn/raw/GB_27608-2011_\#350\#201\#224\#345\#220\#210\#345\#206\#262\#345\#211\#252\#346\#234\#272_\#345\#256\#211\#345\#205\#250\#350\#246\#201\#346\#261\#202.html
cn/raw/GB_2762-1994_\#351\#243\#237\#345\#223\#201\#344\#270\#255\#346\#261\#236\#351\#231\#220\#351\#207\#217\#345\#215\#253\#347\#224\#237\#346\#240\#207\#345\#207\#206.html
cn/raw/GB_2762-2005_\#351\#243\#237\#345\#223\#201\#344\#270\#255\#346\#261\#241\#346\#237\#223\#347\#211\#251\#351\#231\#220\#351\#207\#217.html
cn/raw/GB_27950-2011_\#346\#211\#213\#346\#266\#210\#346\#257\#222\#345\#211\#202\#345\#215\#253\#347\#224\#237\#350\#246\#201\#346\#261\#202.html
cn/raw/GB_27950-2020_\#346\#211\#213\#346\#266\#210\#346\#257\#222\#345\#211\#202\#351\#200\#232\#347\#224\#250\#350\#246\#201\#346\#261\#202.html
cn/raw/GB_28234-2011_\#351\#205\#270\#346\#200\#247\#346\#260\#247\#345\#214\#226\#347\#224\#265\#344\#275\#215\#346\#260\#264\#347\#224\#237\#346\#210\#220\#345\#231\#250\#345\#256\#211\#345\#205\#250\#344\#270\#216\#345\#215\#253\#347\#224\#237\#346\#240\#207\#345\#207\#206.html
cn/raw/GB_28234-2020_\#351\#205\#270\#346\#200\#247\#347\#224\#265\#350\#247\#243\#346\#260\#264\#347\#224\#237\#346\#210\#220\#345\#231\#250\#345\#215\#253\#347\#224\#237\#350\#246\#201\#346\#261\#202.html
cn/raw/GB_28480-2012_\#351\#245\#260\#345\#223\#201_\#346\#234\#211\#345\#256\#263\#345\#205\#203\#347\#264\#240\#351\#231\#220\#351\#207\#217\#347\#232\#204\#350\#247\#204\#345\#256\#232.html
cn/raw/GB_28480-2026_\#351\#246\#226\#351\#245\#260_\#345\#256\#211\#345\#205\#250\#346\#212\#200\#346\#234\#257\#350\#246\#201\#346\#261\#202.html
cn/raw/GB_30002-2013_2013-10-10.html
cn/raw/GB_30585-2014_\#345\#204\#277\#347\#253\#245\#351\#236\#213\#345\#256\#211\#345\#205\#250\#346\#212\#200\#346\#234\#257\#350\#247\#204\#350\#214\#203.html
cn/raw/GB_30585-2024_\#347\#253\#245\#351\#236\#213\#345\#256\#211\#345\#205\#250\#346\#212\#200\#346\#234\#257\#350\#247\#204\#350\#214\#203.html
cn/raw/GB_31241-2014_\#344\#276\#277\#346\#220\#272\#345\#274\#217\#347\#224\#265\#345\#255\#220\#344\#272\#247\#345\#223\#201\#347\#224\#250\#351\#224\#202\#347\#246\#273\#345\#255\#220\#347\#224\#265\#346\#261\#240\#345\#222\#214\#347\#224\#265\#346\#261\#240\#347\#273\#204_\#345\#256\#211\#345\#205\#250\#350\#246\#201\#346\#261\#202.html
cn/raw/GB_31241-2022_\#344\#276\#277\#346\#220\#272\#345\#274\#217\#347\#224\#265\#345\#255\#220\#344\#272\#247\#345\#223\#201\#347\#224\#250\#351\#224\#202\#347\#246\#273\#345\#255\#220\#347\#224\#265\#346\#261\#240\#345\#222\#214\#347\#224\#265\#346\#261\#240\#347\#273\#204_\#345\#256\#211\#345\#205\#250\#346\#212\#200\#346\#234\#257\#350\#247\#204\#350\#214\#203.html
cn/raw/GB_31241.4-2026_\#347\#224\#265\#345\#255\#220\#347\#224\#265\#345\#231\#250\#347\#224\#250\#351\#224\#202\#347\#246\#273\#345\#255\#220\#347\#224\#265\#346\#261\#240\#345\#222\#214\#347\#224\#265\#346\#261\#240\#347\#273\#204\#345\#256\#211\#345\#205\#250_\#347\#254\#2544\#351\#203\#250\#345\#210\#206_\#347\#216\#251\#345\#205\#267.html
cn/raw/GB_31701-2015_\#345\#251\#264\#345\#271\#274\#345\#204\#277\#345\#217\#212\#345\#204\#277\#347\#253\#245\#347\#272\#272\#347\#273\#207\#344\#272\#247\#345\#223\#201\#345\#256\#211\#345\#205\#250\#346\#212\#200\#346\#234\#257\#350\#247\#204\#350\#214\#203.html
cn/raw/GB_36246-2018_\#344\#270\#255\#345\#260\#217\#345\#255\#246\#345\#220\#210\#346\#210\#220\#346\#235\#220\#346\#226\#231\#351\#235\#242\#345\#261\#202\#350\#277\#220\#345\#212\#250\#345\#234\#272\#345\#234\#260.html
cn/raw/GB_38031-2020_\#347\#224\#265\#345\#212\#250\#346\#261\#275\#350\#275\#246\#347\#224\#250\#345\#212\#250\#345\#212\#233\#350\#223\#204\#347\#224\#265\#346\#261\#240\#345\#256\#211\#345\#205\#250\#350\#246\#201\#346\#261\#202.html
cn/raw/GB_38031-2025_EN_\#347\#224\#265\#345\#212\#250\#346\#261\#275\#350\#275\#246\#347\#224\#250\#345\#212\#250\#345\#212\#233\#350\#223\#204\#347\#224\#265\#346\#261\#240\#345\#256\#211\#345\#205\#250\#350\#246\#201\#346\#261\#202.html
cn/raw/GB_38031-2025_\#347\#224\#265\#345\#212\#250\#346\#261\#275\#350\#275\#246\#347\#224\#250\#345\#212\#250\#345\#212\#233\#350\#223\#204\#347\#224\#265\#346\#261\#240\#345\#256\#211\#345\#205\#250\#350\#246\#201\#346\#261\#202.html
cn/raw/GB_39669-2020_\#347\#211\#231\#345\#210\#267\#345\#217\#212\#345\#217\#243\#350\#205\#224\#345\#231\#250\#345\#205\#267\#345\#256\#211\#345\#205\#250\#351\#200\#232\#347\#224\#250\#346\#212\#200\#346\#234\#257\#350\#246\#201\#346\#261\#202.html
cn/raw/GB_40070-2021_\#345\#204\#277\#347\#253\#245\#351\#235\#222\#345\#260\#221\#345\#271\#264\#345\#255\#246\#344\#271\#240\#347\#224\#250\#345\#223\#201\#350\#277\#221\#350\#247\#206\#351\#230\#262\#346\#216\#247\#345\#215\#253\#347\#224\#237\#350\#246\#201\#346\#261\#202.html
cn/raw/GB_4343.1-2003_\#347\#224\#265\#347\#243\#201\#345\#205\#274\#345\#256\#271_\#345\#256\#266\#347\#224\#250\#347\#224\#265\#345\#231\#250_\#347\#224\#265\#345\#212\#250\#345\#267\#245\#345\#205\#267\#345\#222\#214\#347\#261\#273\#344\#274\#274\#345\#231\#250\#345\#205\#267\#347\#232\#204\#350\#246\#201\#346\#261\#202_\#347\#254\#2541\#351\#203\#250\#345\#210\#206_\#345\#217\#221\#345\#260\#204.html
cn/raw/GB_4343.1-2009_\#345\#256\#266\#347\#224\#250\#347\#224\#265\#345\#231\#250_\#347\#224\#265\#345\#212\#250\#345\#267\#245\#345\#205\#267\#345\#222\#214\#347\#261\#273\#344\#274\#274\#345\#231\#250\#345\#205\#267\#347\#232\#204\#347\#224\#265\#347\#243\#201\#345\#205\#274\#345\#256\#271\#350\#246\#201\#346\#261\#202_\#347\#254\#2541\#351\#203\#250\#345\#210\#206_\#345\#217\#221\#345\#260\#204.html
cn/raw/GB_4343.1-2018_\#345\#256\#266\#347\#224\#250\#347\#224\#265\#345\#231\#250_\#347\#224\#265\#345\#212\#250\#345\#267\#245\#345\#205\#267\#345\#222\#214\#347\#261\#273\#344\#274\#274\#345\#231\#250\#345\#205\#267\#347\#232\#204\#347\#224\#265\#347\#243\#201\#345\#205\#274\#345\#256\#271\#350\#246\#201\#346\#261\#202_\#347\#254\#2541\#351\#203\#250\#345\#210\#206_\#345\#217\#221\#345\#260\#204.html
cn/raw/GB_4343.1-2024_\#345\#256\#266\#347\#224\#250\#347\#224\#265\#345\#231\#250_\#347\#224\#265\#345\#212\#250\#345\#267\#245\#345\#205\#267\#345\#222\#214\#347\#261\#273\#344\#274\#274\#345\#231\#250\#345\#205\#267\#347\#232\#204\#347\#224\#265\#347\#243\#201\#345\#205\#274\#345\#256\#271\#350\#246\#201\#346\#261\#202_\#347\#254\#2541\#351\#203\#250\#345\#210\#206_\#345\#217\#221\#345\#260\#204.html
cn/raw/GB_4343.2-1999_\#347\#224\#265\#347\#243\#201\#345\#205\#274\#345\#256\#271_\#345\#256\#266\#347\#224\#250\#347\#224\#265\#345\#231\#250_\#347\#224\#265\#345\#212\#250\#345\#267\#245\#345\#205\#267\#345\#222\#214\#347\#261\#273\#344\#274\#274\#345\#231\#250\#345\#205\#267\#347\#232\#204\#350\#246\#201\#346\#261\#202_\#347\#254\#2542\#351\#203\#250\#345\#210\#206_\#346\#212\#227\#346\#211\#260\#345\#272\#246_\#344\#272\#247\#345\#223\#201\#347\#261\#273\#346\#240\#207\#345\#207\#206.html
cn/raw/GB_44495-2024_\#346\#261\#275\#350\#275\#246\#346\#225\#264\#350\#275\#246\#344\#277\#241\#346\#201\#257\#345\#256\#211\#345\#205\#250\#346\#212\#200\#346\#234\#257\#350\#246\#201\#346\#261\#202.html
cn/raw/GB_4706.101-2010_\#345\#256\#266\#347\#224\#250\#345\#222\#214\#347\#261\#273\#344\#274\#274\#347\#224\#250\#351\#200\#224\#347\#224\#265\#345\#231\#250\#347\#232\#204\#345\#256\#211\#345\#205\#250_\#345\#215\#267\#345\#270\#230\#347\#231\#276\#345\#217\#266\#351\#227\#250\#347\#252\#227_\#351\#201\#256\#351\#230\#263\#347\#257\#267_\#351\#201\#256\#345\#270\#230\#345\#222\#214\#347\#261\#273\#344\#274\#274\#350\#256\#276\#345\#244\#207\#347\#232\#204\#351\#251\#261\#345\#212\#250\#350\#243\#205\#347\#275\#256\#347\#232\#204\#347\#211\#271\#346\#256\#212\#350\#246\#201\#346\#261\#202.html
cn/raw/GB_4706.102-2010_\#345\#256\#266\#347\#224\#250\#345\#222\#214\#347\#261\#273\#344\#274\#274\#347\#224\#250\#351\#200\#224\#347\#224\#265\#345\#231\#250\#347\#232\#204\#345\#256\#211\#345\#205\#250_\#345\#270\#246\#345\#265\#214\#350\#243\#205\#346\#210\#226\#350\#277\#234\#347\#275\#256\#345\#274\#217\#345\#210\#266\#345\#206\#267\#345\#211\#202\#345\#206\#267\#345\#207\#235\#350\#243\#205\#347\#275\#256\#346\#210\#226\#345\#216\#213\#347\#274\#251\#346\#234\#272\#347\#232\#204\#345\#225\#206\#347\#224\#250\#345\#210\#266\#345\#206\#267\#345\#231\#250\#345\#205\#267\#347\#232\#204\#347\#211\#271\#346\#256\#212\#350\#246\#201\#346\#261\#202.html
cn/raw/GB_4706.103-2010_\#345\#256\#266\#347\#224\#250\#345\#222\#214\#347\#261\#273\#344\#274\#274\#347\#224\#250\#351\#200\#224\#347\#224\#265\#345\#231\#250\#347\#232\#204\#345\#256\#211\#345\#205\#250_\#347\#224\#265\#346\#215\#225\#351\#261\#274\#345\#231\#250\#347\#232\#204\#347\#211\#271\#346\#256\#212\#350\#246\#201\#346\#261\#202.html
cn/raw/GB_4706.105-2011_\#345\#256\#266\#347\#224\#250\#345\#222\#214\#347\#261\#273\#344\#274\#274\#347\#224\#250\#351\#200\#224\#347\#224\#265\#345\#231\#250\#347\#232\#204\#345\#256\#211\#345\#205\#250_\#345\#270\#246\#345\#212\#240\#347\#203\#255_\#351\#200\#232\#351\#243\#216\#346\#210\#226\#347\#251\#272\#350\#260\#203\#347\#263\#273\#347\#273\#237\#347\#232\#204\#345\#212\#240\#346\#271\#277\#345\#231\#250\#347\#232\#204\#347\#211\#271\#346\#256\#212\#350\#246\#201\#346\#261\#202.html
cn/raw/GB_4706.106-2011_\#345\#256\#266\#347\#224\#250\#345\#222\#214\#347\#261\#273\#344\#274\#274\#347\#224\#250\#351\#200\#224\#347\#224\#265\#345\#231\#250\#347\#232\#204\#345\#256\#211\#345\#205\#250_\#346\#210\#267\#345\#244\#226\#347\#203\#244\#346\#236\#266\#347\#232\#204\#347\#211\#271\#346\#256\#212\#350\#246\#201\#346\#261\#202.html
cn/raw/GB_4706.107-2012_\#345\#256\#266\#347\#224\#250\#345\#222\#214\#347\#261\#273\#344\#274\#274\#347\#224\#250\#351\#200\#224\#347\#224\#265\#345\#231\#250\#347\#232\#204\#345\#256\#211\#345\#205\#250_\#346\#225\#264\#344\#275\#223\#345\#216\#250\#346\#210\#277\#345\#231\#250\#345\#205\#267\#347\#232\#204\#347\#211\#271\#346\#256\#212\#350\#246\#201\#346\#261\#202.html
cn/raw/GB_4706.108-2012_\#345\#256\#266\#347\#224\#250\#345\#222\#214\#347\#261\#273\#344\#274\#274\#347\#224\#250\#351\#200\#224\#347\#224\#265\#345\#231\#250\#347\#232\#204\#345\#256\#211\#345\#205\#250_\#347\#254\#2542\#351\#203\#250\#345\#210\#206_\#347\#224\#265\#347\#203\#255\#345\#234\#260\#346\#257\#257\#345\#222\#214\#345\#256\#211\#350\#243\#205\#345\#234\#250\#345\#217\#257\#347\#247\#273\#345\#212\#250\#345\#234\#260\#346\#235\#277\#350\#246\#206\#347\#233\#226\#347\#211\#251\#344\#270\#213\#346\#226\#271\#347\#232\#204\#347\#224\#250\#344\#272\#216\#345\#212\#240\#347\#203\#255\#346\#210\#277\#351\#227\#264\#347\#232\#204\#347\#224\#265\#347\#203\#255\#350\#243\#205\#347\#275\#256\#347\#232\#204\#347\#211\#271\#346\#256\#212\#350\#246\#201\#346\#261\#202.html
cn/raw/GB_4706.109-2013_\#345\#256\#266\#347\#224\#250\#345\#222\#214\#347\#261\#273\#344\#274\#274\#347\#224\#250\#351\#200\#224\#347\#224\#265\#345\#231\#250\#347\#232\#204\#345\#256\#211\#345\#205\#250_\#347\#224\#265\#350\#247\#243\#346\#247\#275\#347\#232\#204\#347\#211\#271\#346\#256\#212\#350\#246\#201\#346\#261\#202.html
cn/raw/GB_4706.13-2014_\#345\#256\#266\#347\#224\#250\#345\#222\#214\#347\#261\#273\#344\#274\#274\#347\#224\#250\#351\#200\#224\#347\#224\#265\#345\#231\#250\#347\#232\#204\#345\#256\#211\#345\#205\#250_\#345\#210\#266\#345\#206\#267\#345\#231\#250\#345\#205\#267_\#345\#206\#260\#346\#267\#207\#346\#267\#213\#346\#234\#272\#345\#222\#214\#345\#210\#266\#345\#206\#260\#346\#234\#272\#347\#232\#204\#347\#211\#271\#346\#256\#212\#350\#246\#201\#346\#261\#202.html
cn/raw/GB_4706.18-2014_\#345\#256\#266\#347\#224\#250\#345\#222\#214\#347\#261\#273\#344\#274\#274\#347\#224\#250\#351\#200\#224\#347\#224\#265\#345\#231\#250\#347\#232\#204\#345\#256\#211\#345\#205\#250_\#347\#224\#265\#346\#261\#240\#345\#205\#205\#347\#224\#265\#345\#231\#250\#347\#232\#204\#347\#211\#271\#346\#256\#212\#350\#246\#201\#346\#261\#202.html
cn/raw/GB_4706.36-2014_\#345\#256\#266\#347\#224\#250\#345\#222\#214\#347\#261\#273\#344\#274\#274\#347\#224\#250\#351\#200\#224\#347\#224\#265\#345\#231\#250\#347\#232\#204\#345\#256\#211\#345\#205\#250_\#345\#225\#206\#347\#224\#250\#347\#224\#265\#345\#274\#200\#346\#260\#264\#345\#231\#250\#345\#222\#214\#346\#266\#262\#344\#275\#223\#345\#212\#240\#347\#203\#255\#345\#231\#250\#347\#232\#204\#347\#211\#271\#346\#256\#212\#350\#246\#201\#346\#261\#202.html
cn/raw/GB_4706.46-2014_\#345\#256\#266\#347\#224\#250\#345\#222\#214\#347\#261\#273\#344\#274\#274\#347\#224\#250\#351\#200\#224\#347\#224\#265\#345\#231\#250\#347\#232\#204\#345\#256\#211\#345\#205\#250_\#346\#214\#244\#345\#245\#266\#346\#234\#272\#347\#232\#204\#347\#211\#271\#346\#256\#212\#350\#246\#201\#346\#261\#202.html
cn/raw/GB_4706.47-2014_\#345\#256\#266\#347\#224\#250\#345\#222\#214\#347\#261\#273\#344\#274\#274\#347\#224\#250\#351\#200\#224\#347\#224\#265\#345\#231\#250\#347\#232\#204\#345\#256\#211\#345\#205\#250_\#345\#212\#250\#347\#211\#251\#347\#271\#201\#346\#256\#226\#345\#222\#214\#351\#245\#262\#345\#205\#273\#347\#224\#250\#347\#224\#265\#345\#212\#240\#347\#203\#255\#345\#231\#250\#347\#232\#204\#347\#211\#271\#346\#256\#212\#350\#246\#201\#346\#261\#202.html
cn/raw/GB_4706.7-2014_\#345\#256\#266\#347\#224\#250\#345\#222\#214\#347\#261\#273\#344\#274\#274\#347\#224\#250\#351\#200\#224\#347\#224\#265\#345\#231\#250\#347\#232\#204\#345\#256\#211\#345\#205\#250_\#347\#234\#237\#347\#251\#272\#345\#220\#270\#345\#260\#230\#345\#231\#250\#345\#222\#214\#345\#220\#270\#346\#260\#264\#345\#274\#217\#346\#270\#205\#346\#264\#201\#345\#231\#250\#345\#205\#267\#347\#232\#204\#347\#211\#271\#346\#256\#212\#350\#246\#201\#346\#261\#202.html
cn/raw/GB_4706.80-2014_\#345\#256\#266\#347\#224\#250\#345\#222\#214\#347\#261\#273\#344\#274\#274\#347\#224\#250\#351\#200\#224\#347\#224\#265\#345\#231\#250\#347\#232\#204\#345\#256\#211\#345\#205\#250_\#346\#232\#226\#350\#204\#232\#345\#231\#250\#345\#222\#214\#347\#203\#255\#350\#204\#232\#345\#236\#253\#347\#232\#204\#347\#211\#271\#346\#256\#212\#350\#246\#201\#346\#261\#202.html
cn/raw/GB_4706.81-2014_\#345\#256\#266\#347\#224\#250\#345\#222\#214\#347\#261\#273\#344\#274\#274\#347\#224\#250\#351\#200\#224\#347\#224\#265\#345\#231\#250\#347\#232\#204\#345\#256\#211\#345\#205\#250_\#346\#214\#245\#345\#217\#221\#345\#231\#250\#347\#232\#204\#347\#211\#271\#346\#256\#212\#350\#246\#201\#346\#261\#202.html
cn/raw/GB_4706.82-2014_\#345\#256\#266\#347\#224\#250\#345\#222\#214\#347\#261\#273\#344\#274\#274\#347\#224\#250\#351\#200\#224\#347\#224\#265\#345\#231\#250\#347\#232\#204\#345\#256\#211\#345\#205\#250_\#346\#210\#277\#351\#227\#264\#345\#212\#240\#347\#203\#255\#347\#224\#250\#350\#275\#257\#347\#211\#207\#345\#212\#240\#347\#203\#255\#345\#205\#203\#344\#273\#266\#347\#232\#204\#347\#211\#271\#346\#256\#212\#350\#246\#201\#346\#261\#202.html
cn/raw/GB_4706.90-2014_\#345\#256\#266\#347\#224\#250\#345\#222\#214\#347\#261\#273\#344\#274\#274\#347\#224\#250\#351\#200\#224\#347\#224\#265\#345\#231\#250\#347\#232\#204\#345\#256\#211\#345\#205\#250_\#345\#225\#206\#347\#224\#250\#345\#276\#256\#346\#263\#242\#347\#202\#211\#347\#232\#204\#347\#211\#271\#346\#256\#212\#350\#246\#201\#346\#261\#202.html
cn/raw/GB_4806.1-1994_\#351\#243\#237\#345\#223\#201\#347\#224\#250\#346\#251\#241\#350\#203\#266\#345\#210\#266\#345\#223\#201\#345\#215\#253\#347\#224\#237\#346\#240\#207\#345\#207\#206.html
cn/raw/GB_4806.2-1994_\#346\#251\#241\#350\#203\#266\#345\#245\#266\#345\#230\#264\#345\#215\#253\#347\#224\#237\#346\#240\#207\#345\#207\#206.html
cn/raw/GB_48062-2026_\#345\#267\#245\#344\#270\#232\#346\#264\#227\#346\#266\#244\#346\#234\#272\#346\#242\#260\#351\#200\#232\#347\#224\#250\#345\#256\#211\#345\#205\#250\#350\#246\#201\#346\#261\#202.html
cn/raw/GB_48063-2026_\#344\#272\#244\#351\#200\#232\#350\#277\#220\#350\#276\#223\#345\#214\#227\#346\#226\#227\#345\#215\#253\#346\#230\#237\#345\#257\#274\#350\#210\#252\#347\#263\#273\#347\#273\#237\#345\#256\#232\#344\#275\#215\#346\#250\#241\#345\#235\#227\#351\#200\#232\#347\#224\#250\#346\#212\#200\#346\#234\#257\#350\#247\#204\#350\#214\#203.html
cn/raw/GB_4943-2001_\#344\#277\#241\#346\#201\#257\#346\#212\#200\#346\#234\#257\#350\#256\#276\#345\#244\#207\#347\#232\#204\#345\#256\#211\#345\#205\#250.html
cn/raw/GB_4943.1-2011_\#344\#277\#241\#346\#201\#257\#346\#212\#200\#346\#234\#257\#350\#256\#276\#345\#244\#207_\#345\#256\#211\#345\#205\#250_\#347\#254\#2541\#351\#203\#250\#345\#210\#206_\#351\#200\#232\#347\#224\#250\#350\#246\#201\#346\#261\#202.html
cn/raw/GB_4943.1-2022_\#351\#237\#263\#350\#247\#206\#351\#242\#221_\#344\#277\#241\#346\#201\#257\#346\#212\#200\#346\#234\#257\#345\#222\#214\#351\#200\#232\#344\#277\#241\#346\#212\#200\#346\#234\#257\#350\#256\#276\#345\#244\#207_\#347\#254\#2541\#351\#203\#250\#345\#210\#206_\#345\#256\#211\#345\#205\#250\#350\#246\#201\#346\#261\#202.html
cn/raw/GB_4943.21-2019_\#344\#277\#241\#346\#201\#257\#346\#212\#200\#346\#234\#257\#350\#256\#276\#345\#244\#207_\#345\#256\#211\#345\#205\#250_\#347\#254\#25421\#351\#203\#250\#345\#210\#206_\#350\#277\#234\#347\#250\#213\#351\#246\#210\#347\#224\#265.html
cn/raw/GB_4943.22-2019_\#344\#277\#241\#346\#201\#257\#346\#212\#200\#346\#234\#257\#350\#256\#276\#345\#244\#207_\#345\#256\#211\#345\#205\#250_\#347\#254\#25422\#351\#203\#250\#345\#210\#206_\#345\#256\#244\#345\#244\#226\#345\#256\#211\#350\#243\#205\#350\#256\#276\#345\#244\#207.html
cn/raw/GB_4943.23-2012_\#344\#277\#241\#346\#201\#257\#346\#212\#200\#346\#234\#257\#350\#256\#276\#345\#244\#207_\#345\#256\#211\#345\#205\#250_\#347\#254\#25423\#351\#203\#250\#345\#210\#206_\#345\#244\#247\#345\#236\#213\#346\#225\#260\#346\#215\#256\#345\#255\#230\#345\#202\#250\#350\#256\#276\#345\#244\#207.html
cn/raw/GB_5296.1-1997_\#346\#266\#210\#350\#264\#271\#345\#223\#201\#344\#275\#277\#347\#224\#250\#350\#257\#264\#346\#230\#216_\#346\#200\#273\#345\#210\#231.html
cn/raw/GB_5296.2-1999_\#346\#266\#210\#350\#264\#271\#345\#223\#201\#344\#275\#277\#347\#224\#250\#350\#257\#264\#346\#230\#216_\#345\#256\#266\#347\#224\#250\#345\#222\#214\#347\#261\#273\#344\#274\#274\#347\#224\#250\#351\#200\#224\#347\#224\#265\#345\#231\#250\#347\#232\#204\#344\#275\#277\#347\#224\#250\#350\#257\#264\#346\#230\#216.html
cn/raw/GB_5296.3-1995_\#346\#266\#210\#350\#264\#271\#345\#223\#201\#344\#275\#277\#347\#224\#250\#350\#257\#264\#346\#230\#216_\#345\#214\#226\#345\#246\#206\#345\#223\#201\#351\#200\#232\#347\#224\#250\#346\#240\#207\#347\#255\#276.html
cn/raw/GB_5296.3-2008_\#346\#266\#210\#350\#264\#271\#345\#223\#201\#344\#275\#277\#347\#224\#250\#350\#257\#264\#346\#230\#216_\#345\#214\#226\#345\#246\#206\#345\#223\#201\#351\#200\#232\#347\#224\#250\#346\#240\#207\#347\#255\#276.html
cn/raw/GB_5296.4-1998_\#346\#266\#210\#350\#264\#271\#345\#223\#201\#344\#275\#277\#347\#224\#250\#350\#257\#264\#346\#230\#216_\#347\#272\#272\#347\#273\#207\#345\#223\#201\#345\#222\#214\#346\#234\#215\#350\#243\#205\#344\#275\#277\#347\#224\#250\#350\#257\#264\#346\#230\#216.html
cn/raw/GB_5296.5-1996_\#346\#266\#210\#350\#264\#271\#345\#223\#201\#344\#275\#277\#347\#224\#250\#350\#257\#264\#346\#230\#216_\#347\#216\#251\#345\#205\#267\#344\#275\#277\#347\#224\#250\#350\#257\#264\#346\#230\#216.html
cn/raw/GB_6675.1-2014_\#347\#216\#251\#345\#205\#267\#345\#256\#211\#345\#205\#250_\#347\#254\#2541\#351\#203\#250\#345\#210\#206_\#345\#237\#272\#346\#234\#254\#350\#247\#204\#350\#214\#203.html
cn/raw/GB_6675.1-2025_\#347\#216\#251\#345\#205\#267\#345\#256\#211\#345\#205\#250_\#347\#254\#2541\#351\#203\#250\#345\#210\#206_\#345\#237\#272\#346\#234\#254\#350\#247\#204\#350\#214\#203.html
cn/raw/GB_6675.11-2014_\#347\#216\#251\#345\#205\#267\#345\#256\#211\#345\#205\#250_\#347\#254\#25411\#351\#203\#250\#345\#210\#206_\#345\#256\#266\#347\#224\#250\#347\#247\#213\#345\#215\#203_\#346\#273\#221\#346\#242\#257\#345\#217\#212\#347\#261\#273\#344\#274\#274\#347\#224\#250\#351\#200\#224\#345\#256\#244\#345\#206\#205_\#345\#256\#244\#345\#244\#226\#346\#264\#273\#345\#212\#250\#347\#216\#251\#345\#205\#267.html
cn/raw/GB_6675.12-2014_\#347\#216\#251\#345\#205\#267\#345\#256\#211\#345\#205\#250_\#347\#254\#25412\#351\#203\#250\#345\#210\#206_\#347\#216\#251\#345\#205\#267\#346\#273\#221\#346\#235\#277\#350\#275\#246.html
cn/raw/GB_6675.13-2014_\#347\#216\#251\#345\#205\#267\#345\#256\#211\#345\#205\#250_\#347\#254\#25413\#351\#203\#250\#345\#210\#206_\#351\#231\#244\#345\#256\#236\#351\#252\#214\#347\#216\#251\#345\#205\#267\#345\#244\#226\#347\#232\#204\#345\#214\#226\#345\#255\#246\#345\#245\#227\#350\#243\#205\#347\#216\#251\#345\#205\#267.html
cn/raw/GB_6675.14-2014_\#347\#216\#251\#345\#205\#267\#345\#256\#211\#345\#205\#250_\#347\#254\#25414\#351\#203\#250\#345\#210\#206_\#346\#214\#207\#347\#224\#273\#351\#242\#234\#346\#226\#231\#346\#212\#200\#346\#234\#257\#350\#246\#201\#346\#261\#202\#345\#217\#212\#346\#265\#213\#350\#257\#225\#346\#226\#271\#346\#263\#225.html
cn/raw/GB_6675.2-2014_\#347\#216\#251\#345\#205\#267\#345\#256\#211\#345\#205\#250_\#347\#254\#2542\#351\#203\#250\#345\#210\#206_\#346\#234\#272\#346\#242\#260\#344\#270\#216\#347\#211\#251\#347\#220\#206\#346\#200\#247\#350\#203\#275.html
cn/raw/GB_6675.2-2025_\#347\#216\#251\#345\#205\#267\#345\#256\#211\#345\#205\#250_\#347\#254\#2542\#351\#203\#250\#345\#210\#206_\#346\#234\#272\#346\#242\#260\#344\#270\#216\#347\#211\#251\#347\#220\#206\#346\#200\#247\#350\#203\#275.html
cn/raw/GB_6675.3-2025_\#347\#216\#251\#345\#205\#267\#345\#256\#211\#345\#205\#250_\#347\#254\#2543\#351\#203\#250\#345\#210\#206_\#346\#230\#223\#347\#207\#203\#346\#200\#247\#350\#203\#275.html
cn/raw/GB_6675.4-2025_\#347\#216\#251\#345\#205\#267\#345\#256\#211\#345\#205\#250_\#347\#254\#2544\#351\#203\#250\#345\#210\#206_\#347\#211\#271\#345\#256\#232\#345\#205\#203\#347\#264\#240\#347\#232\#204\#350\#277\#201\#347\#247\#273.html
cn/raw/GB_7718-1994_\#351\#243\#237\#345\#223\#201\#346\#240\#207\#347\#255\#276\#351\#200\#232\#347\#224\#250\#346\#240\#207\#345\#207\#206.html
cn/raw/GB_7718-2004_\#351\#242\#204\#345\#214\#205\#350\#243\#205\#351\#243\#237\#345\#223\#201\#346\#240\#207\#347\#255\#276\#351\#200\#232\#345\#210\#231.html
cn/raw/GB_8368-1998_\#344\#270\#200\#346\#254\#241\#346\#200\#247\#344\#275\#277\#347\#224\#250\#350\#276\#223\#346\#266\#262\#345\#231\#250.html
cn/raw/GB_8368-2005_\#344\#270\#200\#346\#254\#241\#346\#200\#247\#344\#275\#277\#347\#224\#250\#350\#276\#223\#346\#266\#262\#345\#231\#250_\#351\#207\#215\#345\#212\#233\#350\#276\#223\#346\#266\#262\#345\#274\#217.html
cn/raw/GB_8368-2018_\#344\#270\#200\#346\#254\#241\#346\#200\#247\#344\#275\#277\#347\#224\#250\#350\#276\#223\#346\#266\#262\#345\#231\#250_\#351\#207\#215\#345\#212\#233\#350\#276\#223\#346\#266\#262\#345\#274\#217.html
cn/raw/GB_8898-2001_\#351\#237\#263\#351\#242\#221_\#350\#247\#206\#351\#242\#221\#345\#217\#212\#347\#261\#273\#344\#274\#274\#347\#224\#265\#345\#255\#220\#350\#256\#276\#345\#244\#207\#345\#256\#211\#345\#205\#250\#350\#246\#201\#346\#261\#202.html
cn/raw/GB_8898-2011_\#351\#237\#263\#351\#242\#221_\#350\#247\#206\#351\#242\#221\#345\#217\#212\#347\#261\#273\#344\#274\#274\#347\#224\#265\#345\#255\#220\#350\#256\#276\#345\#244\#207_\#345\#256\#211\#345\#205\#250\#350\#246\#201\#346\#261\#202.html
cn/raw/GB_9254-1998_\#344\#277\#241\#346\#201\#257\#346\#212\#200\#346\#234\#257\#350\#256\#276\#345\#244\#207\#347\#232\#204\#346\#227\#240\#347\#272\#277\#347\#224\#265\#351\#252\#232\#346\#211\#260\#351\#231\#220\#345\#200\#274\#345\#222\#214\#346\#265\#213\#351\#207\#217\#346\#226\#271\#346\#263\#225.html
cn/raw/GB_9706.202-2021_\#345\#214\#273\#347\#224\#250\#347\#224\#265\#346\#260\#224\#350\#256\#276\#345\#244\#207_\#347\#254\#2542-2\#351\#203\#250\#345\#210\#206_\#351\#253\#230\#351\#242\#221\#346\#211\#213\#346\#234\#257\#350\#256\#276\#345\#244\#207\#345\#217\#212\#351\#253\#230\#351\#242\#221\#351\#231\#204\#344\#273\#266\#347\#232\#204\#345\#237\#272\#346\#234\#254\#345\#256\#211\#345\#205\#250\#345\#222\#214\#345\#237\#272\#346\#234\#254\#346\#200\#247\#350\#203\#275\#344\#270\#223\#347\#224\#250\#350\#246\#201\#346\#261\#202.html
cn/raw/GB_9706.204-2022_\#345\#214\#273\#347\#224\#250\#347\#224\#265\#346\#260\#224\#350\#256\#276\#345\#244\#207_\#347\#254\#2542-4\#351\#203\#250\#345\#210\#206_\#345\#277\#203\#350\#204\#217\#351\#231\#244\#351\#242\#244\#345\#231\#250\#347\#232\#204\#345\#237\#272\#346\#234\#254\#345\#256\#211\#345\#205\#250\#345\#222\#214\#345\#237\#272\#346\#234\#254\#346\#200\#247\#350\#203\#275\#344\#270\#223\#347\#224\#250\#350\#246\#201\#346\#261\#202.html
cn/raw/GB_9706.213-2021_\#345\#214\#273\#347\#224\#250\#347\#224\#265\#346\#260\#224\#350\#256\#276\#345\#244\#207_\#347\#254\#2542-13\#351\#203\#250\#345\#210\#206_\#351\#272\#273\#351\#206\#211\#345\#267\#245\#344\#275\#234\#347\#253\#231\#347\#232\#204\#345\#237\#272\#346\#234\#254\#345\#256\#211\#345\#205\#250\#345\#222\#214\#345\#237\#272\#346\#234\#254\#346\#200\#247\#350\#203\#275\#344\#270\#223\#347\#224\#250\#350\#246\#201\#346\#261\#202.html
cn/raw/GB_9706.222-2022_\#345\#214\#273\#347\#224\#250\#347\#224\#265\#346\#260\#224\#350\#256\#276\#345\#244\#207_\#347\#254\#2542-22\#351\#203\#250\#345\#210\#206_\#345\#244\#226\#347\#247\#221_\#346\#225\#264\#345\#275\#242_\#346\#262\#273\#347\#226\#227\#345\#222\#214\#350\#257\#212\#346\#226\#255\#347\#224\#250\#346\#277\#200\#345\#205\#211\#350\#256\#276\#345\#244\#207\#347\#232\#204\#345\#237\#272\#346\#234\#254\#345\#256\#211\#345\#205\#250\#345\#222\#214\#345\#237\#272\#346\#234\#254\#346\#200\#247\#350\#203\#275\#344\#270\#223\#347\#224\#250\#350\#246\#201\#346\#261\#202.html
cn/raw/GB_9706.224-2021_\#345\#214\#273\#347\#224\#250\#347\#224\#265\#346\#260\#224\#350\#256\#276\#345\#244\#207_\#347\#254\#2542-24\#351\#203\#250\#345\#210\#206_\#350\#276\#223\#346\#266\#262\#346\#263\#265\#345\#222\#214\#350\#276\#223\#346\#266\#262\#346\#216\#247\#345\#210\#266\#345\#231\#250\#347\#232\#204\#345\#237\#272\#346\#234\#254\#345\#256\#211\#345\#205\#250\#345\#222\#214\#345\#237\#272\#346\#234\#254\#346\#200\#247\#350\#203\#275\#344\#270\#223\#347\#224\#250\#350\#246\#201\#346\#261\#202.html
cn/raw/GB_9706.255-2022_\#345\#214\#273\#347\#224\#250\#347\#224\#265\#346\#260\#224\#350\#256\#276\#345\#244\#207_\#347\#254\#2542-55\#351\#203\#250\#345\#210\#206_\#345\#221\#274\#345\#220\#270\#346\#260\#224\#344\#275\#223\#347\#233\#221\#346\#212\#244\#344\#273\#252\#347\#232\#204\#345\#237\#272\#346\#234\#254\#345\#256\#211\#345\#205\#250\#345\#222\#214\#345\#237\#272\#346\#234\#254\#346\#200\#247\#350\#203\#275\#344\#270\#223\#347\#224\#250\#350\#246\#201\#346\#261\#202.html
cn/raw/GB_9706.271-2022_\#345\#214\#273\#347\#224\#250\#347\#224\#265\#346\#260\#224\#350\#256\#276\#345\#244\#207_\#347\#254\#2542-71\#351\#203\#250\#345\#210\#206_\#345\#212\#237\#350\#203\#275\#346\#200\#247\#350\#277\#221\#347\#272\#242\#345\#244\#226\#345\#205\#211\#350\#260\#261_NIRS_\#350\#256\#276\#345\#244\#207\#347\#232\#204\#345\#237\#272\#346\#234\#254\#345\#256\#211\#345\#205\#250\#345\#222\#214\#345\#237\#272\#346\#234\#254\#346\#200\#247\#350\#203\#275\#344\#270\#223\#347\#224\#250\#350\#246\#201\#346\#261\#202.html
cn/raw/GB_9706.275-2022_\#345\#214\#273\#347\#224\#250\#347\#224\#265\#346\#260\#224\#350\#256\#276\#345\#244\#207_\#347\#254\#2542-75\#351\#203\#250\#345\#210\#206_\#345\#205\#211\#345\#212\#250\#345\#212\#233\#346\#262\#273\#347\#226\#227\#345\#222\#214\#345\#205\#211\#345\#212\#250\#345\#212\#233\#350\#257\#212\#346\#226\#255\#350\#256\#276\#345\#244\#207\#347\#232\#204\#345\#237\#272\#346\#234\#254\#345\#256\#211\#345\#205\#250\#345\#222\#214\#345\#237\#272\#346\#234\#254\#346\#200\#247\#350\#203\#275\#344\#270\#223\#347\#224\#250\#350\#246\#201\#346\#261\#202.html
cn/raw/GB_9706.283-2022_\#345\#214\#273\#347\#224\#250\#347\#224\#265\#346\#260\#224\#350\#256\#276\#345\#244\#207_\#347\#254\#2542-83\#351\#203\#250\#345\#210\#206_\#345\#256\#266\#347\#224\#250\#345\#205\#211\#346\#262\#273\#347\#226\#227\#350\#256\#276\#345\#244\#207\#347\#232\#204\#345\#237\#272\#346\#234\#254\#345\#256\#211\#345\#205\#250\#345\#222\#214\#345\#237\#272\#346\#234\#254\#346\#200\#247\#350\#203\#275\#344\#270\#223\#347\#224\#250\#350\#246\#201\#346\#261\#202.html
cn/raw/GB_9706.290-2022_\#345\#214\#273\#347\#224\#250\#347\#224\#265\#346\#260\#224\#350\#256\#276\#345\#244\#207_\#347\#254\#2542-90\#351\#203\#250\#345\#210\#206_\#351\#253\#230\#346\#265\#201\#351\#207\#217\#345\#221\#274\#345\#220\#270\#346\#262\#273\#347\#226\#227\#350\#256\#276\#345\#244\#207\#347\#232\#204\#345\#237\#272\#346\#234\#254\#345\#256\#211\#345\#205\#250\#345\#222\#214\#345\#237\#272\#346\#234\#254\#346\#200\#247\#350\#203\#275\#344\#270\#223\#347\#224\#250\#350\#246\#201\#346\#261\#202.html
cn/raw/GB_T_26125-2011_\#347\#224\#265\#345\#255\#220\#347\#224\#265\#346\#260\#224\#344\#272\#247\#345\#223\#201_\#345\#205\#255\#347\#247\#215\#351\#231\#220\#347\#224\#250\#347\#211\#251\#350\#264\#250_\#351\#223\#205_\#346\#261\#236_\#351\#225\#211_\#345\#205\#255\#344\#273\#267\#351\#223\#254_\#345\#244\#232\#346\#272\#264\#350\#201\#224\#350\#213\#257\#345\#222\#214\#345\#244\#232\#346\#272\#264\#344\#272\#214\#350\#213\#257\#351\#206\#232_\#347\#232\#204\#346\#265\#213\#345\#256\#232.html
cn/raw/GB_T_26572-2011_\#347\#224\#265\#345\#255\#220\#347\#224\#265\#346\#260\#224\#344\#272\#247\#345\#223\#201\#344\#270\#255\#351\#231\#220\#347\#224\#250\#347\#211\#251\#350\#264\#250\#347\#232\#204\#351\#231\#220\#351\#207\#217\#350\#246\#201\#346\#261\#202.html
cn/raw/GB_T_39560.10-2024_\#347\#224\#265\#345\#255\#220\#347\#224\#265\#346\#260\#224\#344\#272\#247\#345\#223\#201\#344\#270\#255\#346\#237\#220\#344\#272\#233\#347\#211\#251\#350\#264\#250\#347\#232\#204\#346\#265\#213\#345\#256\#232_\#347\#254\#25410\#351\#203\#250\#345\#210\#206_\#346\#260\#224\#347\#233\#270\#350\#211\#262\#350\#260\#261-\#350\#264\#250\#350\#260\#261\#346\#263\#225_GC-MS_\#346\#265\#213\#345\#256\#232\#350\#201\#232\#345\#220\#210\#347\#211\#251\#345\#222\#214\#347\#224\#265\#345\#255\#220\#344\#273\#266\#344\#270\#255\#347\#232\#204\#345\#244\#232\#347\#216\#257\#350\#212\#263\#347\#203\#203_PAHs.html
cn/raw/GB_T_39560.12-2024_\#347\#224\#265\#345\#255\#220\#347\#224\#265\#346\#260\#224\#344\#272\#247\#345\#223\#201\#344\#270\#255\#346\#237\#220\#344\#272\#233\#347\#211\#251\#350\#264\#250\#347\#232\#204\#346\#265\#213\#345\#256\#232_\#347\#254\#25412\#351\#203\#250\#345\#210\#206_\#346\#260\#224\#347\#233\#270\#350\#211\#262\#350\#260\#261-\#350\#264\#250\#350\#260\#261\#346\#263\#225\#345\#220\#214\#346\#227\#266\#346\#265\#213\#345\#256\#232\#350\#201\#232\#345\#220\#210\#347\#211\#251\#344\#270\#255\#347\#232\#204\#345\#244\#232\#346\#272\#264\#350\#201\#224\#350\#213\#257_\#345\#244\#232\#346\#272\#264\#344\#272\#214\#350\#213\#257\#351\#206\#232\#345\#222\#214\#351\#202\#273\#350\#213\#257\#344\#272\#214\#347\#224\#262\#351\#205\#270\#351\#205\#257.html
cn/raw/GB_T_39560.2-2024_\#347\#224\#265\#345\#255\#220\#347\#224\#265\#346\#260\#224\#344\#272\#247\#345\#223\#201\#344\#270\#255\#346\#237\#220\#344\#272\#233\#347\#211\#251\#350\#264\#250\#347\#232\#204\#346\#265\#213\#345\#256\#232_\#347\#254\#2542\#351\#203\#250\#345\#210\#206_\#346\#213\#206\#350\#247\#243_\#346\#213\#206\#345\#210\#206\#345\#222\#214\#346\#234\#272\#346\#242\#260\#345\#210\#266\#346\#240\#267.html
cn/raw/GB_T_39560.302-2024_\#347\#224\#265\#345\#255\#220\#347\#224\#265\#346\#260\#224\#344\#272\#247\#345\#223\#201\#344\#270\#255\#346\#237\#220\#344\#272\#233\#347\#211\#251\#350\#264\#250\#347\#232\#204\#346\#265\#213\#345\#256\#232_\#347\#254\#2543-2\#351\#203\#250\#345\#210\#206_\#347\#207\#203\#347\#203\#247-\#347\#246\#273\#345\#255\#220\#350\#211\#262\#350\#260\#261\#346\#263\#225_C-IC_\#347\#255\#233\#351\#200\#211\#350\#201\#232\#345\#220\#210\#347\#211\#251\#345\#222\#214\#347\#224\#265\#345\#255\#220\#344\#273\#266\#344\#270\#255\#347\#232\#204\#346\#260\#237_\#346\#260\#257\#345\#222\#214\#346\#272\#264.html
cn/raw/GB_T_39560.303-2024_\#347\#224\#265\#345\#255\#220\#347\#224\#265\#346\#260\#224\#344\#272\#247\#345\#223\#201\#344\#270\#255\#346\#237\#220\#344\#272\#233\#347\#211\#251\#350\#264\#250\#347\#232\#204\#346\#265\#213\#345\#256\#232_\#347\#254\#2543-3\#351\#203\#250\#345\#210\#206_\#351\#205\#215\#346\#234\#211\#347\#203\#255\#350\#243\#202\#350\#247\#243_\#347\#203\#255\#350\#204\#261\#351\#231\#204\#347\#232\#204\#346\#260\#224\#347\#233\#270\#350\#211\#262\#350\#260\#261-\#350\#264\#250\#350\#260\#261\#346\#263\#225_Py_TD-GC-MS_\#347\#255\#233\#351\#200\#211\#350\#201\#232\#345\#220\#210\#347\#211\#251\#344\#270\#255\#347\#232\#204\#345\#244\#232\#346\#272\#264\#350\#201\#224\#350\#213\#257_\#345\#244\#232\#346\#272\#264\#344\#272\#214\#350\#213\#257\#351\#206\#232.html
cn/raw/GB_T_39560.4-2021_\#347\#224\#265\#345\#255\#220\#347\#224\#265\#346\#260\#224\#344\#272\#247\#345\#223\#201\#344\#270\#255\#346\#237\#220\#344\#272\#233\#347\#211\#251\#350\#264\#250\#347\#232\#204\#346\#265\#213\#345\#256\#232_\#347\#254\#2544\#351\#203\#250\#345\#210\#206_CV-AAS_CV-AFS_ICP-OES\#345\#222\#214ICP-MS\#346\#265\#213\#345\#256\#232\#350\#201\#232\#345\#220\#210\#347\#211\#251_\#351\#207\#221\#345\#261\#236\#345\#222\#214\#347\#224\#265\#345\#255\#220\#344\#273\#266\#344\#270\#255\#347\#232\#204\#346\#261\#236.html
cn/raw/GB_T_39560.5-2021_\#347\#224\#265\#345\#255\#220\#347\#224\#265\#346\#260\#224\#344\#272\#247\#345\#223\#201\#344\#270\#255\#346\#237\#220\#344\#272\#233\#347\#211\#251\#350\#264\#250\#347\#232\#204\#346\#265\#213\#345\#256\#232_\#347\#254\#2545\#351\#203\#250\#345\#210\#206_AAS_AFS_ICP-OES\#345\#222\#214ICP-MS\#346\#263\#225\#346\#265\#213\#345\#256\#232\#350\#201\#232\#345\#220\#210\#347\#211\#251\#345\#222\#214\#347\#224\#265\#345\#255\#220\#344\#273\#266\#344\#270\#255\#351\#225\#211_\#351\#223\#205_\#351\#223\#254\#344\#273\#245\#345\#217\#212\#351\#207\#221\#345\#261\#236\#344\#270\#255\#351\#225\#211_\#351\#223\#205\#347\#232\#204\#345\#220\#253\#351\#207\#217.html
cn/raw/GB_T_39560.702-2021_\#347\#224\#265\#345\#255\#220\#347\#224\#265\#346\#260\#224\#344\#272\#247\#345\#223\#201\#344\#270\#255\#346\#237\#220\#344\#272\#233\#347\#211\#251\#350\#264\#250\#347\#232\#204\#346\#265\#213\#345\#256\#232_\#347\#254\#2547-2\#351\#203\#250\#345\#210\#206_\#345\#205\#255\#344\#273\#267\#351\#223\#254_\#346\#257\#224\#350\#211\#262\#346\#263\#225\#346\#265\#213\#345\#256\#232\#350\#201\#232\#345\#220\#210\#347\#211\#251\#345\#222\#214\#347\#224\#265\#345\#255\#220\#344\#273\#266\#344\#270\#255\#347\#232\#204\#345\#205\#255\#344\#273\#267\#351\#223\#254_Cr_VI.html
cn/raw/GB_T_39560.8-2021_\#347\#224\#265\#345\#255\#220\#347\#224\#265\#346\#260\#224\#344\#272\#247\#345\#223\#201\#344\#270\#255\#346\#237\#220\#344\#272\#233\#347\#211\#251\#350\#264\#250\#347\#232\#204\#346\#265\#213\#345\#256\#232_\#347\#254\#2548\#351\#203\#250\#345\#210\#206_\#346\#260\#224\#347\#233\#270\#350\#211\#262\#350\#260\#261-\#350\#264\#250\#350\#260\#261\#346\#263\#225_GC-MS_\#344\#270\#216\#351\#205\#215\#346\#234\#211\#347\#203\#255\#350\#243\#202\#350\#247\#243_\#347\#203\#255\#350\#204\#261\#351\#231\#204\#347\#232\#204\#346\#260\#224\#347\#233\#270\#350\#211\#262\#350\#260\#261-\#350\#264\#250\#350\#260\#261\#346\#263\#225_Py_TD-GC-MS_\#346\#265\#213\#345\#256\#232\#350\#201\#232\#345\#220\#210\#347\#211\#251.html
cn/raw/GB_T_39560.9-2024_\#347\#224\#265\#345\#255\#220\#347\#224\#265\#346\#260\#224\#344\#272\#247\#345\#223\#201\#344\#270\#255\#346\#237\#220\#344\#272\#233\#347\#211\#251\#350\#264\#250\#347\#232\#204\#346\#265\#213\#345\#256\#232_\#347\#254\#2549\#351\#203\#250\#345\#210\#206_\#346\#260\#224\#347\#233\#270\#350\#211\#262\#350\#260\#261-\#350\#264\#250\#350\#260\#261\#346\#263\#225_GC-MS_\#346\#265\#213\#345\#256\#232\#350\#201\#232\#345\#220\#210\#347\#211\#251\#344\#270\#255\#347\#232\#204\#345\#205\#255\#346\#272\#264\#347\#216\#257\#345\#215\#201\#344\#272\#214\#347\#203\#267.html
cn/raw/GB_T_4943.2-2026_\#351\#237\#263\#350\#247\#206\#351\#242\#221_\#344\#277\#241\#346\#201\#257\#346\#212\#200\#346\#234\#257\#345\#222\#214\#351\#200\#232\#344\#277\#241\#346\#212\#200\#346\#234\#257\#350\#256\#276\#345\#244\#207_\#347\#254\#2542\#351\#203\#250\#345\#210\#206_\#344\#270\#216GB_4943.1_2022\#347\#233\#270\#345\#205\#263\#347\#232\#204\#350\#247\#243\#351\#207\#212\#344\#277\#241\#346\#201\#257.html
cn/raw/\#344\#270\#255\#345\#233\#275GB 44495-2024\#346\#261\#275\#350\#275\#246\#346\#225\#264\#350\#275\#246\#344\#277\#241\#346\#201\#257\#345\#256\#211\#345\#205\#250\#346\#212\#200\#346\#234\#257\#350\#246\#201\#346\#261\#202\#357\#274\#210\#346\#240\#207\#345\#207\#206\#347\#256\#200\#344\#273\#213\#357\#274\#211.html
cn/raw/\#344\#270\#255\#345\#233\#275\#343\#200\#212\#344\#270\#244\#347\#224\#250\#347\#211\#251\#351\#241\#271\#345\#207\#272\#345\#217\#243\#347\#256\#241\#345\#210\#266\#346\#235\#241\#344\#276\#213\#343\#200\#213\#357\#274\#2102024\#357\#274\#211.html
cn/raw/\#344\#270\#255\#345\#233\#275\#343\#200\#212\#344\#270\#244\#347\#224\#250\#347\#211\#251\#351\#241\#271\#345\#207\#272\#345\#217\#243\#347\#256\#241\#345\#210\#266\#346\#235\#241\#344\#276\#213\#343\#200\#213\#357\#274\#2102024\#357\#274\#211\#350\#257\#264\#346\#230\#216\#357\#274\#210\#344\#270\#255\#345\#233\#275\#346\#263\#225\#345\#276\#213\#350\#247\#202\#345\#257\#237\#347\#253\#231\#357\#274\#211.html
cn/raw/\#344\#270\#255\#345\#233\#275\#343\#200\#212\#344\#274\#201\#344\#270\#232\#345\#242\#203\#345\#244\#226\#346\#212\#225\#350\#265\#204\#347\#256\#241\#347\#220\#206\#345\#212\#236\#346\#263\#225\#343\#200\#213\#357\#274\#210\#345\#217\#221\#346\#224\#271\#345\#247\#224\#344\#273\#244\#347\#254\#25411\#345\#217\#267\#357\#274\#211.html
cn/raw/\#344\#270\#255\#345\#233\#275\#343\#200\#212\#345\#207\#272\#345\#217\#243\#347\#256\#241\#345\#210\#266\#346\#263\#225\#343\#200\#213\#357\#274\#2102020\#357\#274\#211\#344\#270\#255\#345\#233\#275\#346\#263\#225\#345\#255\#246\#347\#275\#221\#345\#205\#250\#346\#226\#207.html
cn/raw/\#344\#270\#255\#345\#233\#275\#343\#200\#212\#345\#207\#272\#345\#217\#243\#347\#256\#241\#345\#210\#266\#346\#263\#225\#343\#200\#213\#357\#274\#2102020\#357\#274\#211\#345\#205\#250\#346\#226\#207\#357\#274\#210\#344\#270\#255\#345\#233\#275\#345\#217\#270\#346\#263\#225\#350\#247\#202\#345\#257\#237\#347\#253\#231\#350\#213\#261\#346\#226\#207\#347\#211\#210\#357\#274\#211.html
cn/raw/\#344\#270\#255\#345\#233\#275\#343\#200\#212\#345\#217\#215\#345\#236\#204\#346\#226\#255\#346\#263\#225\#343\#200\#213\#357\#274\#2102022\#344\#277\#256\#346\#255\#243\#357\#274\#211.pdf
cn/raw/\#344\#270\#255\#345\#233\#275\#343\#200\#212\#345\#242\#203\#345\#244\#226\#346\#212\#225\#350\#265\#204\#347\#256\#241\#347\#220\#206\#345\#212\#236\#346\#263\#225\#343\#200\#213\#357\#274\#210\#345\#225\#206\#345\#212\#241\#351\#203\#250\#344\#273\#2442014\#345\#271\#264\#347\#254\#2543\#345\#217\#267\#357\#274\#211.html
cn/raw/\#344\#270\#255\#345\#233\#275\#343\#200\#212\#347\#246\#201\#346\#255\#242\#345\#207\#272\#345\#217\#243\#351\#231\#220\#345\#210\#266\#345\#207\#272\#345\#217\#243\#346\#212\#200\#346\#234\#257\#347\#233\#256\#345\#275\#225\#343\#200\#213\#357\#274\#2102025\#344\#277\#256\#350\#256\#242 CSET\#350\#213\#261\#346\#226\#207\#345\#210\#206\#346\#236\#220\#357\#274\#211.html
cn/raw/\#344\#270\#255\#345\#233\#275\#343\#200\#212\#347\#246\#201\#346\#255\#242\#345\#207\#272\#345\#217\#243\#351\#231\#220\#345\#210\#266\#345\#207\#272\#345\#217\#243\#346\#212\#200\#346\#234\#257\#347\#233\#256\#345\#275\#225\#343\#200\#213\#357\#274\#2102025\#344\#277\#256\#350\#256\#242 \#347\#247\#221\#346\#212\#200\#351\#203\#250\#345\#256\#230\#347\#275\#221\#345\#205\#254\#345\#221\#212\#357\#274\#211.html
cn/raw/\#344\#270\#255\#345\#233\#275\#343\#200\#212\#347\#246\#201\#346\#255\#242\#345\#207\#272\#345\#217\#243\#351\#231\#220\#345\#210\#266\#345\#207\#272\#345\#217\#243\#346\#212\#200\#346\#234\#257\#347\#233\#256\#345\#275\#225\#343\#200\#213\#357\#274\#2102025\#344\#277\#256\#350\#256\#242\#357\#274\#214\#345\#225\#206\#345\#212\#241\#351\#203\#250\#347\#247\#221\#346\#212\#200\#351\#203\#250\#345\#205\#254\#345\#221\#212\#347\#254\#25428\#345\#217\#267\#357\#274\#211.html
de/
de/DE-BATTDG_BATTERIERECHT_DURCHFUEHRUNGSGESETZ-XML.yaml
de/DE-BATTDG_BATTERIERECHT_DURCHFUEHRUNGSGESETZ.yaml
de/DE-BDSG_BUNDESDATENSCHUTZGESETZ_2018-XML.yaml
de/DE-BDSG_BUNDESDATENSCHUTZGESETZ_2018.yaml
de/DE-BGB_BUERGERLICHES_GESETZBUCH-XML.yaml
de/DE-BGB_BUERGERLICHES_GESETZBUCH.yaml
de/DE-CHEMG_CHEMIKALIENGESETZ-XML.yaml
de/DE-CHEMG_CHEMIKALIENGESETZ.yaml
de/DE-DE_-_A-K_GESETZE-IM-INTERNET-DE.yaml
de/DE-DE_-_BVL.yaml
de/DE-DE_-_GESETZE-IM-INTERNET-DE.yaml
de/DE-DE_-_L-Z_GESETZE-IM-INTERNET-DE.yaml
de/DE-ELEKTROG_ELEKTRO-_UND_ELEKTRONIKGERAETEGESETZ-XML.yaml
de/DE-ELEKTROG_ELEKTRO-_UND_ELEKTRONIKGERAETEGESETZ.yaml
de/DE-ENWG_ENERGIEWIRTSCHAFTSGESETZ-XML.yaml
de/DE-ENWG_ENERGIEWIRTSCHAFTSGESETZ.yaml
de/DE-LFGB_LEBENSMITTEL-_UND_FUTTERMITTELGESETZBUCH-XML.yaml
de/DE-LFGB_LEBENSMITTEL-_UND_FUTTERMITTELGESETZBUCH.yaml
de/DE-MARKENG_MARKENGESETZ-XML.yaml
de/DE-MARKENG_MARKENGESETZ.yaml
de/DE-PATG_PATENTGESETZ-XML.yaml
de/DE-PATG_PATENTGESETZ.yaml
de/DE-PRODHAFTG_PRODUKTHAFTUNGSGESETZ-XML.yaml
de/DE-PRODHAFTG_PRODUKTHAFTUNGSGESETZ.yaml
de/DE-PRODSG_PRODUKTSICHERHEITSGESETZ-XML.yaml
de/DE-PRODSG_PRODUKTSICHERHEITSGESETZ.yaml
de/DE-TEXTILKENNZG_TEXTILKENNZEICHNUNGSGESETZ-XML.yaml
de/DE-TEXTILKENNZG_TEXTILKENNZEICHNUNGSGESETZ.yaml
de/DE-TKG_TELEKOMMUNIKATIONSGESETZ-XML.yaml
de/DE-TKG_TELEKOMMUNIKATIONSGESETZ.yaml
de/DE-URHG_URHEBERRECHTSGESETZ-XML.yaml
de/DE-URHG_URHEBERRECHTSGESETZ.yaml
de/DE-UWG_GESETZ_GEGEN_DEN_UNLAUTEREN_WETTBEWERB-XML.yaml
de/DE-UWG_GESETZ_GEGEN_DEN_UNLAUTEREN_WETTBEWERB.yaml
de/DE-VERPACKDG_VERPACKUNGSDURCHFUEHRUNGSGESETZ-XML.yaml
de/DE-VERPACKDG_VERPACKUNGSDURCHFUEHRUNGSGESETZ.yaml
de/raw/
de/raw/DE-BDSG_Bundesdatenschutzgesetz_2018.pdf
de/raw/DE-BDSG_Bundesdatenschutzgesetz_2018.xml.zip
de/raw/DE-BGB_Buergerliches_Gesetzbuch.pdf
de/raw/DE-BGB_Buergerliches_Gesetzbuch.xml.zip
de/raw/DE-BattDG_Batterierecht_Durchfuehrungsgesetz.pdf
de/raw/DE-BattDG_Batterierecht_Durchfuehrungsgesetz.xml.zip
de/raw/DE-ChemG_Chemikaliengesetz.pdf
de/raw/DE-ChemG_Chemikaliengesetz.xml.zip
de/raw/DE-ElektroG_Elektro-_und_Elektronikgeraetegesetz.pdf
de/raw/DE-ElektroG_Elektro-_und_Elektronikgeraetegesetz.xml.zip
de/raw/DE-EnWG_Energiewirtschaftsgesetz.pdf
de/raw/DE-EnWG_Energiewirtschaftsgesetz.xml.zip
de/raw/DE-LFGB_Lebensmittel-_und_Futtermittelgesetzbuch.pdf
de/raw/DE-LFGB_Lebensmittel-_und_Futtermittelgesetzbuch.xml.zip
de/raw/DE-MarkenG_Markengesetz.pdf
de/raw/DE-MarkenG_Markengesetz.xml.zip
de/raw/DE-PatG_Patentgesetz.pdf
de/raw/DE-PatG_Patentgesetz.xml.zip
de/raw/DE-ProdHaftG_Produkthaftungsgesetz.pdf
de/raw/DE-ProdHaftG_Produkthaftungsgesetz.xml.zip
de/raw/DE-ProdSG_Produktsicherheitsgesetz.pdf
de/raw/DE-ProdSG_Produktsicherheitsgesetz.xml.zip
de/raw/DE-TKG_Telekommunikationsgesetz.pdf
de/raw/DE-TKG_Telekommunikationsgesetz.xml.zip
de/raw/DE-TextilKennzG_Textilkennzeichnungsgesetz.pdf
de/raw/DE-TextilKennzG_Textilkennzeichnungsgesetz.xml.zip
de/raw/DE-UWG_Gesetz_gegen_den_unlauteren_Wettbewerb.pdf
de/raw/DE-UWG_Gesetz_gegen_den_unlauteren_Wettbewerb.xml.zip
de/raw/DE-UrhG_Urheberrechtsgesetz.pdf
de/raw/DE-UrhG_Urheberrechtsgesetz.xml.zip
de/raw/DE-VerpackDG_Verpackungsdurchfuehrungsgesetz.pdf
de/raw/DE-VerpackDG_Verpackungsdurchfuehrungsgesetz.xml.zip
de/raw/DE_\#346\#266\#210\#350\#264\#271\#350\#200\#205\#344\#277\#235\#346\#212\#244\#344\#270\#216\#351\#243\#237\#345\#223\#201\#345\#256\#211\#345\#205\#250\#345\#261\#200_BVL.html
de/raw/DE_\#350\#201\#224\#351\#202\#246\#346\#263\#225\#350\#247\#204\#347\#264\#242\#345\#274\#225_A-K_gesetze-im-internet.de.html
de/raw/DE_\#350\#201\#224\#351\#202\#246\#346\#263\#225\#350\#247\#204\#347\#264\#242\#345\#274\#225_L-Z_gesetze-im-internet.de.html
de/raw/DE_\#350\#213\#261\#346\#226\#207\#347\#277\#273\#350\#257\#221\#346\#263\#225\#350\#247\#204\#347\#264\#242\#345\#274\#225_gesetze-im-internet.de.html
eu/
eu/EU-10-2011.yaml
eu/EU-10-2011_PLASTIC_FOOD_CONTACT_MATERIALS.yaml
eu/EU-1007-2011.yaml
eu/EU-1007-2011_TEXTILE_FIBRE_NAMES.yaml
eu/EU-1223-2009.yaml
eu/EU-1223-2009_COSMETICS_REGULATION.yaml
eu/EU-1907-2006.yaml
eu/EU-1907-2006_REACH_CHEMICALS.yaml
eu/EU-1935-2004.yaml
eu/EU-1935-2004_FOOD_CONTACT_MATERIALS_FRAMEWORK-2.yaml
eu/EU-1935-2004_FOOD_CONTACT_MATERIALS_FRAMEWORK.yaml
eu/EU-2002-58_EPRIVACY_DIRECTIVE.yaml
eu/EU-2003-88_WORKING_TIME_DIRECTIVE.yaml
eu/EU-2005-29_UNFAIR_COMMERCIAL_PRACTICES_DIRECTIVE-2.yaml
eu/EU-2005-29_UNFAIR_COMMERCIAL_PRACTICES_DIRECTIVE.yaml
eu/EU-2009-125.yaml
eu/EU-2009-125_ECODESIGN_ERP_DIRECTIVE.yaml
eu/EU-2009-48-TOY.yaml
eu/EU-2009-48.yaml
eu/EU-2009-48_TOY_SAFETY_DIRECTIVE.yaml
eu/EU-2011-65.yaml
eu/EU-2011-65_ROHS_RESTRICTION_OF_HAZARDOUS_SUBSTANCES.yaml
eu/EU-2011-83_CONSUMER_RIGHTS_DIRECTIVE.yaml
eu/EU-2012-19_WEEE_WASTE_ELECTRICAL_AND_ELECTRONIC_EQUIPMENT.yaml
eu/EU-2013-29_PYROTECHNIC_ARTICLES_DIRECTIVE.yaml
eu/EU-2014-30.yaml
eu/EU-2014-30_ELECTROMAGNETIC_COMPATIBILITY_DIRECTIVE_EMC.yaml
eu/EU-2014-31_NON-AUTOMATIC_WEIGHING_INSTRUMENTS.yaml
eu/EU-2014-32_MEASURING_INSTRUMENTS_DIRECTIVE.yaml
eu/EU-2014-34_ATEX_EXPLOSIVE_ATMOSPHERES_DIRECTIVE.yaml
eu/EU-2014-35.yaml
eu/EU-2014-35_LOW_VOLTAGE_DIRECTIVE_LVD.yaml
eu/EU-2014-53.yaml
eu/EU-2014-53_RADIO_EQUIPMENT_DIRECTIVE_RED.yaml
eu/EU-2014-68_PRESSURE_EQUIPMENT_DIRECTIVE.yaml
eu/EU-2014-90_MARINE_EQUIPMENT_DIRECTIVE-2.yaml
eu/EU-2014-90_MARINE_EQUIPMENT_DIRECTIVE.yaml
eu/EU-2015-758_ORGANIC_PRODUCTION_REGULATION-2.yaml
eu/EU-2015-758_ORGANIC_PRODUCTION_REGULATION.yaml
eu/EU-2016-425_PERSONAL_PROTECTIVE_EQUIPMENT_REGULATION.yaml
eu/EU-2016-426_GAS_APPLIANCES_REGULATION.yaml
eu/EU-2016-679-GDPR.yaml
eu/EU-2016-679_GDPR_GENERAL_DATA_PROTECTION_REGULATION.yaml
eu/EU-2017-1369_ENERGY_LABELLING_REGULATION.yaml
eu/EU-2017-745_MEDICAL_DEVICES_REGULATION_MDR.yaml
eu/EU-2017-746_IN_VITRO_DIAGNOSTIC_MDR_IVDR.yaml
eu/EU-2019-1020_MARKET_SURVEILLANCE_AND_PRODUCT_COMPLIANCE-2.yaml
eu/EU-2019-1020_MARKET_SURVEILLANCE_AND_PRODUCT_COMPLIANCE.yaml
eu/EU-2019-2144_GENERAL_SAFETY_REGULATION_VEHICLES-2.yaml
eu/EU-2019-2144_GENERAL_SAFETY_REGULATION_VEHICLES.yaml
eu/EU-2019-2161_OMNIBUS_DIRECTIVE-2.yaml
eu/EU-2019-2161_OMNIBUS_DIRECTIVE.yaml
eu/EU-2019-452_FDI_SCREENING_REGULATION.yaml
eu/EU-2020-852_EU_TAXONOMY_REGULATION-2.yaml
eu/EU-2020-852_EU_TAXONOMY_REGULATION.yaml
eu/EU-2021-821-FDI.yaml
eu/EU-2021-821_FDI_SCREENING_FRAMEWORK_AMENDMENT-2.yaml
eu/EU-2021-821_FDI_SCREENING_FRAMEWORK_AMENDMENT.yaml
eu/EU-2022-1925_DIGITAL_MARKETS_ACT_DMA-2.yaml
eu/EU-2022-1925_DIGITAL_MARKETS_ACT_DMA.yaml
eu/EU-2022-2065_DIGITAL_SERVICES_ACT_DSA-2.yaml
eu/EU-2022-2065_DIGITAL_SERVICES_ACT_DSA.yaml
eu/EU-2022-2464_CORPORATE_SUSTAINABILITY_REPORTING_CSRD-2.yaml
eu/EU-2022-2464_CORPORATE_SUSTAINABILITY_REPORTING_CSRD.yaml
eu/EU-2022-2555_NIS2_CYBERSECURITY_DIRECTIVE-2.yaml
eu/EU-2022-2555_NIS2_CYBERSECURITY_DIRECTIVE.yaml
eu/EU-2022-612_FOREIGN_SUBSIDIES_REGULATION-2.yaml
eu/EU-2022-612_FOREIGN_SUBSIDIES_REGULATION.yaml
eu/EU-2022-868_DATA_GOVERNANCE_ACT-2.yaml
eu/EU-2022-868_DATA_GOVERNANCE_ACT.yaml
eu/EU-2023-1115_EU_DEFORESTATION_REGULATION_EUDR-2.yaml
eu/EU-2023-1115_EU_DEFORESTATION_REGULATION_EUDR.yaml
eu/EU-2023-1230_MACHINERY_REGULATION-2.yaml
eu/EU-2023-1230_MACHINERY_REGULATION.yaml
eu/EU-2023-1542-INTERP.yaml
eu/EU-2023-1542.yaml
eu/EU-2023-1542_BATTERIES_REGULATION-2.yaml
eu/EU-2023-1542_BATTERIES_REGULATION.yaml
eu/EU-2023-1791_ENERGY_EFFICIENCY_DIRECTIVE-2.yaml
eu/EU-2023-1791_ENERGY_EFFICIENCY_DIRECTIVE.yaml
eu/EU-2023-2854_DATA_ACT-2.yaml
eu/EU-2023-2854_DATA_ACT.yaml
eu/EU-2023-956_CARBON_BORDER_ADJUSTMENT_MECHANISM_CBAM-2.yaml
eu/EU-2023-956_CARBON_BORDER_ADJUSTMENT_MECHANISM_CBAM.yaml
eu/EU-2023-988.yaml
eu/EU-2023-988_GENERAL_PRODUCT_SAFETY_REGULATION_GPSR-2.yaml
eu/EU-2023-988_GENERAL_PRODUCT_SAFETY_REGULATION_GPSR.yaml
eu/EU-2024-1689_AI_ACT-2.yaml
eu/EU-2024-1689_AI_ACT.yaml
eu/EU-2024-1760_CORPORATE_SUSTAINABILITY_DUE_DILIGENCE_CSDDD-2.yaml
eu/EU-2024-1760_CORPORATE_SUSTAINABILITY_DUE_DILIGENCE_CSDDD.yaml
eu/EU-2024-1781_ECODESIGN_FOR_SUSTAINABLE_PRODUCTS_ESPR-2.yaml
eu/EU-2024-1781_ECODESIGN_FOR_SUSTAINABLE_PRODUCTS_ESPR.yaml
eu/EU-2024-2847_CYBER_RESILIENCE_ACT.yaml
eu/EU-2024-2853_NEW_PRODUCT_LIABILITY_DIRECTIVE.yaml
eu/EU-2024-573_FLUORINATED_GREENHOUSE_GASES_F-GAS-2.yaml
eu/EU-2024-573_FLUORINATED_GREENHOUSE_GASES_F-GAS.yaml
eu/EU-2025-40_PACKAGING_AND_PACKAGING_WASTE_REGULATION.yaml
eu/EU-765-2008_ACCREDITATION_AND_MARKET_SURVEILLANCE-2.yaml
eu/EU-765-2008_ACCREDITATION_AND_MARKET_SURVEILLANCE.yaml
eu/EU-768-2008_COMMON_FRAMEWORK_FOR_MARKETING_OF_PRODUCTS-2.yaml
eu/EU-768-2008_COMMON_FRAMEWORK_FOR_MARKETING_OF_PRODUCTS.yaml
eu/raw/
eu/raw/AI_Act_(EU)_2024-1689_\#344\#272\#272\#345\#267\#245\#346\#231\#272\#350\#203\#275\#346\#263\#225.pdf
eu/raw/Blue_Guide_2022_\#346\#254\#247\#347\#233\#237\#344\#272\#247\#345\#223\#201\#350\#247\#204\#345\#210\#231\#345\#256\#236\#346\#226\#275\#346\#214\#207\#345\#215\#227.pdf
eu/raw/CRD_2011-83-EU_\#346\#266\#210\#350\#264\#271\#350\#200\#205\#346\#235\#203\#347\#233\#212\#346\#214\#207\#344\#273\#244.pdf
eu/raw/DMA_(EU)_2022-1925_\#346\#225\#260\#345\#255\#227\#345\#270\#202\#345\#234\#272\#346\#263\#225.pdf
eu/raw/DSA_(EU)_2022-2065_\#346\#225\#260\#345\#255\#227\#346\#234\#215\#345\#212\#241\#346\#263\#225.pdf
eu/raw/Decision_768-2008-EC_\#345\#220\#210\#346\#240\#274\#350\#257\#204\#345\#256\#232\#347\#250\#213\#345\#272\#217\#345\#217\#202\#350\#200\#203\#346\#235\#241\#346\#254\#276.pdf
eu/raw/EMC_2014-30-EU_\#347\#224\#265\#347\#243\#201\#345\#205\#274\#345\#256\#271\#346\#214\#207\#344\#273\#244.pdf
eu/raw/EU-10-2011_Plastic_Food_Contact_Materials.xhtml
eu/raw/EU-1007-2011_Textile_Fibre_Names.xhtml
eu/raw/EU-1223-2009_Cosmetics_Regulation.xhtml
eu/raw/EU-1907-2006_REACH_Chemicals.pdf
eu/raw/EU-1935-2004_Food_Contact_Materials_Framework.pdf
eu/raw/EU-1935-2004_Food_Contact_Materials_Framework.xhtml
eu/raw/EU-2002-58_ePrivacy_Directive.pdf
eu/raw/EU-2003-88_Working_Time_Directive.pdf
eu/raw/EU-2005-29_Unfair_Commercial_Practices_Directive.pdf
eu/raw/EU-2005-29_Unfair_Commercial_Practices_Directive.xhtml
eu/raw/EU-2009-125_Ecodesign_ErP_Directive.xhtml
eu/raw/EU-2009-48_Toy_Safety_Directive.xhtml
eu/raw/EU-2011-65_RoHS_Restriction_of_Hazardous_Substances.xhtml
eu/raw/EU-2011-83_Consumer_Rights_Directive.xhtml
eu/raw/EU-2012-19_WEEE_Waste_Electrical_and_Electronic_Equipment.xhtml
eu/raw/EU-2013-29_Pyrotechnic_Articles_Directive.xhtml
eu/raw/EU-2014-30_Electromagnetic_Compatibility_Directive_EMC.xhtml
eu/raw/EU-2014-31_Non-Automatic_Weighing_Instruments.xhtml
eu/raw/EU-2014-32_Measuring_Instruments_Directive.xhtml
eu/raw/EU-2014-34_ATEX_Explosive_Atmospheres_Directive.xhtml
eu/raw/EU-2014-35_Low_Voltage_Directive_LVD.xhtml
eu/raw/EU-2014-53_Radio_Equipment_Directive_RED.xhtml
eu/raw/EU-2014-68_Pressure_Equipment_Directive.xhtml
eu/raw/EU-2014-90_Marine_Equipment_Directive.pdf
eu/raw/EU-2014-90_Marine_Equipment_Directive.xhtml
eu/raw/EU-2015-758_Organic_Production_Regulation.pdf
eu/raw/EU-2015-758_Organic_Production_Regulation.xhtml
eu/raw/EU-2016-425_Personal_Protective_Equipment_Regulation.xhtml
eu/raw/EU-2016-426_Gas_Appliances_Regulation.xhtml
eu/raw/EU-2016-679_GDPR_General_Data_Protection_Regulation.xhtml
eu/raw/EU-2017-1369_Energy_Labelling_Regulation.xhtml
eu/raw/EU-2017-745_Medical_Devices_Regulation_MDR.xhtml
eu/raw/EU-2017-746_In_Vitro_Diagnostic_MDR_IVDR.xhtml
eu/raw/EU-2019-1020_Market_Surveillance_and_Product_Compliance.pdf
eu/raw/EU-2019-1020_Market_Surveillance_and_Product_Compliance.xhtml
eu/raw/EU-2019-2144_General_Safety_Regulation_vehicles.pdf
eu/raw/EU-2019-2144_General_Safety_Regulation_vehicles.xhtml
eu/raw/EU-2019-2161_Omnibus_Directive.pdf
eu/raw/EU-2019-2161_Omnibus_Directive.xhtml
eu/raw/EU-2019-452_FDI_Screening_Regulation.xhtml
eu/raw/EU-2020-852_EU_Taxonomy_Regulation.pdf
eu/raw/EU-2020-852_EU_Taxonomy_Regulation.xhtml
eu/raw/EU-2021-821_FDI_Screening_Framework_Amendment.pdf
eu/raw/EU-2021-821_FDI_Screening_Framework_Amendment.xhtml
eu/raw/EU-2022-1925_Digital_Markets_Act_DMA.pdf
eu/raw/EU-2022-1925_Digital_Markets_Act_DMA.xhtml
eu/raw/EU-2022-2065_Digital_Services_Act_DSA.pdf
eu/raw/EU-2022-2065_Digital_Services_Act_DSA.xhtml
eu/raw/EU-2022-2464_Corporate_Sustainability_Reporting_CSRD.pdf
eu/raw/EU-2022-2464_Corporate_Sustainability_Reporting_CSRD.xhtml
eu/raw/EU-2022-2555_NIS2_Cybersecurity_Directive.pdf
eu/raw/EU-2022-2555_NIS2_Cybersecurity_Directive.xhtml
eu/raw/EU-2022-612_Foreign_Subsidies_Regulation.pdf
eu/raw/EU-2022-612_Foreign_Subsidies_Regulation.xhtml
eu/raw/EU-2022-868_Data_Governance_Act.pdf
eu/raw/EU-2022-868_Data_Governance_Act.xhtml
eu/raw/EU-2023-1115_EU_Deforestation_Regulation_EUDR.pdf
eu/raw/EU-2023-1115_EU_Deforestation_Regulation_EUDR.xhtml
eu/raw/EU-2023-1230_Machinery_Regulation.pdf
eu/raw/EU-2023-1230_Machinery_Regulation.xhtml
eu/raw/EU-2023-1542_Batteries_Regulation.pdf
eu/raw/EU-2023-1542_Batteries_Regulation.xhtml
eu/raw/EU-2023-1791_Energy_Efficiency_Directive.pdf
eu/raw/EU-2023-1791_Energy_Efficiency_Directive.xhtml
eu/raw/EU-2023-2854_Data_Act.pdf
eu/raw/EU-2023-2854_Data_Act.xhtml
eu/raw/EU-2023-956_Carbon_Border_Adjustment_Mechanism_CBAM.pdf
eu/raw/EU-2023-956_Carbon_Border_Adjustment_Mechanism_CBAM.xhtml
eu/raw/EU-2023-988_General_Product_Safety_Regulation_GPSR.pdf
eu/raw/EU-2023-988_General_Product_Safety_Regulation_GPSR.xhtml
eu/raw/EU-2024-1689_AI_Act.pdf
eu/raw/EU-2024-1689_AI_Act.xhtml
eu/raw/EU-2024-1760_Corporate_Sustainability_Due_Diligence_CSDDD.pdf
eu/raw/EU-2024-1760_Corporate_Sustainability_Due_Diligence_CSDDD.xhtml
eu/raw/EU-2024-1781_Ecodesign_for_Sustainable_Products_ESPR.pdf
eu/raw/EU-2024-1781_Ecodesign_for_Sustainable_Products_ESPR.xhtml
eu/raw/EU-2024-2847_Cyber_Resilience_Act.xhtml
eu/raw/EU-2024-2853_New_Product_Liability_Directive.xhtml
eu/raw/EU-2024-573_Fluorinated_Greenhouse_Gases_F-gas.pdf
eu/raw/EU-2024-573_Fluorinated_Greenhouse_Gases_F-gas.xhtml
eu/raw/EU-2025-40_Packaging_and_Packaging_Waste_Regulation.xhtml
eu/raw/EU-765-2008_Accreditation_and_Market_Surveillance.pdf
eu/raw/EU-765-2008_Accreditation_and_Market_Surveillance.xhtml
eu/raw/EU-768-2008_Common_Framework_for_Marketing_of_Products.pdf
eu/raw/EU-768-2008_Common_Framework_for_Marketing_of_Products.xhtml
eu/raw/GDPR_(EU)_2016-679_\#351\#200\#232\#347\#224\#250\#346\#225\#260\#346\#215\#256\#344\#277\#235\#346\#212\#244\#346\#235\#241\#344\#276\#213.pdf
eu/raw/GPSR_(EU)_2023-988.pdf
eu/raw/LVD_2014-35-EU_\#344\#275\#216\#347\#224\#265\#345\#216\#213\#346\#214\#207\#344\#273\#244.pdf
eu/raw/PLD_85-374-EEC_\#344\#272\#247\#345\#223\#201\#350\#264\#243\#344\#273\#273\#346\#214\#207\#344\#273\#244.pdf
eu/raw/REACH_(EC)_1907-2006_\#345\#214\#226\#345\#255\#246\#345\#223\#201\#346\#263\#250\#345\#206\#214\#350\#257\#204\#344\#274\#260\#346\#216\#210\#346\#235\#203\#351\#231\#220\#345\#210\#266.pdf
eu/raw/RED_2014-53-EU_\#346\#227\#240\#347\#272\#277\#347\#224\#265\#350\#256\#276\#345\#244\#207\#346\#214\#207\#344\#273\#244.pdf
eu/raw/Regulation_(EC)_765-2008_\#345\#270\#202\#345\#234\#272\#347\#233\#221\#347\#235\#243\#345\#220\#210\#346\#240\#274\#350\#257\#204\#345\#256\#232\#346\#241\#206\#346\#236\#266.pdf
eu/raw/Regulation_(EU)_2019-1020_\#345\#270\#202\#345\#234\#272\#347\#233\#221\#347\#235\#243\#344\#270\#216\#344\#272\#247\#345\#223\#201\#345\#220\#210\#350\#247\#204.pdf
eu/raw/RoHS_2011-65-EU_\#346\#234\#211\#345\#256\#263\#347\#211\#251\#350\#264\#250\#351\#231\#220\#345\#210\#266\#346\#214\#207\#344\#273\#244.pdf
eu/raw/UCPD_2005-29-EC_\#344\#270\#215\#345\#205\#254\#345\#271\#263\#345\#225\#206\#344\#270\#232\#350\#241\#214\#344\#270\#272\#346\#214\#207\#344\#273\#244.pdf
eu/raw/\#346\#254\#247\#347\#233\#237VAT\#347\#224\#265\#345\#225\#206IOSS\#345\#222\#214OSS\#344\#270\#200\#347\#253\#231\#345\#274\#217\#346\#234\#215\#345\#212\#241\#350\#247\#243\#350\#257\#273.html
eu/raw/\#346\#254\#247\#347\#233\#237\#343\#200\#212Omnibus\#346\#214\#207\#344\#273\#244\#343\#200\#213\#357\#274\#210Directive EU 2019_2161\#357\#274\#211\#350\#247\#243\#350\#257\#273.html
eu/raw/\#346\#254\#247\#347\#233\#237\#343\#200\#212\#345\#267\#245\#344\#275\#234\#346\#227\#266\#351\#227\#264\#346\#214\#207\#344\#273\#244\#343\#200\#213\#357\#274\#210Directive 2003_88_EC\#357\#274\#211.html
eu/raw/\#346\#254\#247\#347\#233\#237\#343\#200\#212\#346\#225\#260\#345\#255\#227\#345\#270\#202\#345\#234\#272\#346\#263\#225\#343\#200\#213\#357\#274\#210DMA\#357\#274\#214Regulation EU 2022_1925\#357\#274\#211.pdf
eu/raw/\#346\#254\#247\#347\#233\#237\#343\#200\#212\#346\#225\#260\#345\#255\#227\#346\#234\#215\#345\#212\#241\#346\#263\#225\#343\#200\#213\#357\#274\#210DSA\#357\#274\#214Regulation EU 2022_2065\#357\#274\#211.pdf
eu/raw/\#346\#254\#247\#347\#233\#237\#343\#200\#212\#346\#226\#260\#347\#224\#265\#346\#261\#240\#346\#263\#225\#350\#247\#204\#343\#200\#213\#357\#274\#210Regulation EU 2023_1542\#357\#274\#211\#350\#247\#243\#350\#257\#273.html
eu/raw/\#346\#254\#247\#347\#233\#237\#343\#200\#212\#351\#200\#232\#347\#224\#250\#346\#225\#260\#346\#215\#256\#344\#277\#235\#346\#212\#244\#346\#235\#241\#344\#276\#213\#343\#200\#213\#357\#274\#210GDPR\#357\#274\#214Regulation EU 2016_679\#357\#274\#211.pdf
eu/raw/\#346\#254\#247\#347\#233\#237\#345\#244\#226\#350\#265\#204\#345\#256\#241\#346\#237\#245\#346\#241\#206\#346\#236\#266\#357\#274\#210Regulation EU 2021_821\#357\#274\#211.html
eu/raw/\#346\#254\#247\#347\#233\#237\#345\#244\#226\#350\#265\#204\#345\#256\#241\#346\#237\#245\#346\#241\#206\#346\#236\#266\#357\#274\#210USSC FDI Screening \#347\#240\#224\#347\#251\#266\#346\#212\#245\#345\#221\#212\#357\#274\#211.html
eu/raw/\#347\#216\#251\#345\#205\#267\#345\#256\#211\#345\#205\#250\#346\#263\#225\#350\#247\#204_(EC)_2009-48.pdf
fr/
fr/FR-FR_SERVICE-PUBLIC_.yaml
fr/raw/
fr/raw/FR_service-public_\#350\#241\#214\#346\#224\#277\#344\#277\#241\#346\#201\#257\#351\#227\#250\#346\#210\#267.html
gcc/
gcc/GCC-GCC_GSO_-_GSO-ORG-SA.yaml
gcc/raw/
gcc/raw/GCC_GSO_\#346\#240\#207\#345\#207\#206\#345\#214\#226\#347\#273\#204\#347\#273\#207_gso.org.sa.html
gcc/raw/\#346\#265\#267\#346\#271\#276G-Mark\#350\#256\#244\#350\#257\#201\#344\#275\#223\#347\#263\#273\#350\#257\#264\#346\#230\#216\#357\#274\#210Intertek\#346\#214\#207\#345\#215\#227\#357\#274\#211.html
global/
global/GLOBAL-ETSI_EN_30022001_V03-01-01_60.yaml
global/GLOBAL-ETSI_EN_30022002_V03-03-01_60.yaml
global/GLOBAL-ETSI_EN_300296_V02-01-01_60.yaml
global/GLOBAL-ETSI_EN_300328_V02-02-02_60.yaml
global/GLOBAL-ETSI_EN_30033001_V01-08-01_60.yaml
global/GLOBAL-ETSI_EN_30033002_V01-06-01_60.yaml
global/GLOBAL-ETSI_EN_300338_V01-02-01_60.yaml
global/GLOBAL-ETSI_EN_300386_V03-02-01_60.yaml
global/GLOBAL-ETSI_EN_30044001_V01-06-01_60.yaml
global/GLOBAL-ETSI_EN_30044002_V03-01-01_60.yaml
global/GLOBAL-ETSI_EN_300674_V01-01-01_60.yaml
global/GLOBAL-ETSI_EN_300698_V02-03-01_60.yaml
global/GLOBAL-ETSI_EN_30076101_V01-02-01_60.yaml
global/GLOBAL-ETSI_EN_30076102_V01-01-01_60.yaml
global/GLOBAL-ETSI_EN_300_220_.yaml
global/GLOBAL-ETSI_EN_300_328_.yaml
global/GLOBAL-ETSI_EN_30148901_V02-02-03_60.yaml
global/GLOBAL-ETSI_EN_30148902_V02-01-01_60.yaml
global/GLOBAL-ETSI_EN_30148903_V02-03-02_60.yaml
global/GLOBAL-ETSI_EN_30148917_V03-03-01_60.yaml
global/GLOBAL-ETSI_EN_30148919_V02-02-01_60.yaml
global/GLOBAL-ETSI_EN_30148920_V02-02-01_60.yaml
global/GLOBAL-ETSI_EN_30148922_V02-01-01_60.yaml
global/GLOBAL-ETSI_EN_30148924_V01-05-01_60.yaml
global/GLOBAL-ETSI_EN_30148926_V02-03-02_60.yaml
global/GLOBAL-ETSI_EN_30148927_V02-02-01_60.yaml
global/GLOBAL-ETSI_EN_301511_V12-05-01_60.yaml
global/GLOBAL-ETSI_EN_301549_V04-01-01_60.yaml
global/GLOBAL-ETSI_EN_301559_V02-01-01_60.yaml
global/GLOBAL-ETSI_EN_301893_V02-02-01_60.yaml
global/GLOBAL-ETSI_EN_30190801_V15-02-01_60.yaml
global/GLOBAL-ETSI_EN_30190802_V13-01-01_60.yaml
global/GLOBAL-ETSI_EN_30190813_V13-04-01_60.yaml
global/GLOBAL-ETSI_EN_30190820_V06-03-01_60.yaml
global/GLOBAL-ETSI_EN_301_489-1_EMC_.yaml
global/GLOBAL-ETSI_EN_301_489-3_EMC_.yaml
global/GLOBAL-ETSI_EN_301_893_5GHZ_RLAN.yaml
global/GLOBAL-ETSI_EN_301_908_.yaml
global/GLOBAL-ETSI_EN_302406_V08-00-01_60.yaml
global/GLOBAL-ETSI_EN_302567_V02-02-01_60.yaml
global/GLOBAL-ETSI_EN_303345_V01-01-07_30.yaml
global/GLOBAL-ETSI_EN_303417_V01-01-01_60.yaml
global/GLOBAL-ETSI_EN_303645_V03-01-03_60.yaml
global/GLOBAL-ETSI_EN_303687_V01-01-01_60.yaml
global/GLOBAL-ETSI_EN_303980_V01-03-01_60.yaml
global/GLOBAL-ETSI_EN_303_645_.yaml
global/GLOBAL-INTL_BASEL_CONVENTION_.yaml
global/GLOBAL-INTL_CEN-CENELEC_.yaml
global/GLOBAL-INTL_CODEX_-2.yaml
global/GLOBAL-INTL_CODEX_-3.yaml
global/GLOBAL-INTL_CODEX_-_FAO_WHO.yaml
global/GLOBAL-INTL_CODEX_.yaml
global/GLOBAL-INTL_ETSI_-2.yaml
global/GLOBAL-INTL_ETSI_.yaml
global/GLOBAL-INTL_FAO_.yaml
global/GLOBAL-INTL_ICC_.yaml
global/GLOBAL-INTL_ILO_.yaml
global/GLOBAL-INTL_ITU_.yaml
global/GLOBAL-INTL_MONTREAL_PROTOCOL_.yaml
global/GLOBAL-INTL_NIST_.yaml
global/GLOBAL-INTL_ROTTERDAM_CONVENTION_.yaml
global/GLOBAL-INTL_STOCKHOLM_CONVENTION_.yaml
global/GLOBAL-INTL_UN_TREATY_COLLECTION_.yaml
global/GLOBAL-INTL_UPU_.yaml
global/GLOBAL-INTL_WCO_.yaml
global/GLOBAL-INTL_WHO_.yaml
global/GLOBAL-INTL_WIPO_.yaml
global/GLOBAL-INTL_WIPO_MADRID_.yaml
global/GLOBAL-INTL_WIPO_MADRID_AGREEMENT_AND_PROTOCOL_PUB_292.yaml
global/GLOBAL-INTL_WIPO_PCT_.yaml
global/GLOBAL-INTL_WORLD_BANK_.yaml
global/raw/
global/raw/1 PRVV0001-R1_UL 62368-1 2019.pdf
global/raw/2 power-sonic.com-Low Voltage Directive LVD  IEC - Complete Guide-fpscreenshot.pdf
global/raw/3 micomlabs.com-IEC - Standard Compliance Guide - MiCOM Labs-fpscreenshot.pdf
global/raw/4 sgs.com-ECHA Expands Candidate List to  SVHCs  SGS USA-fpscreenshot.pdf
global/raw/5 greensofttech.com-One Substance Added to EU REACH SVHC List  SVHC- Update  GreenSoft-fpscreenshot.pdf
global/raw/7 ul.com-IEC - Ask the Engineers Question-and-Answer Page  UL Solutions-fpscreenshot.pdf
global/raw/8 5710ecb863a33.pdf
global/raw/9 advancedenergy.com-Design Considerations for Maximum Temperature per IEC Safety Standards  Advanced Energy-fpscreenshot.pdf
global/raw/ETSI_EN_30022001_v03.01.01_60.pdf
global/raw/ETSI_EN_30022002_v03.03.01_60.pdf
global/raw/ETSI_EN_300296_v02.01.01_60.pdf
global/raw/ETSI_EN_300328_v02.02.02_60.pdf
global/raw/ETSI_EN_30033001_v01.08.01_60.pdf
global/raw/ETSI_EN_30033002_v01.06.01_60.pdf
global/raw/ETSI_EN_300338_v01.02.01_60.pdf
global/raw/ETSI_EN_300386_v03.02.01_60.pdf
global/raw/ETSI_EN_30044001_v01.06.01_60.pdf
global/raw/ETSI_EN_30044002_v03.01.01_60.pdf
global/raw/ETSI_EN_300674_v01.01.01_60.pdf
global/raw/ETSI_EN_300698_v02.03.01_60.pdf
global/raw/ETSI_EN_30076101_v01.02.01_60.pdf
global/raw/ETSI_EN_30076102_v01.01.01_60.pdf
global/raw/ETSI_EN_300_220_\#347\#237\#255\#350\#267\#235\#347\#246\#273\#350\#256\#276\#345\#244\#207.pdf
global/raw/ETSI_EN_300_328_\#345\#256\#275\#345\#270\#246\#344\#274\#240\#350\#276\#223\#350\#256\#276\#345\#244\#207.pdf
global/raw/ETSI_EN_30148901_v02.02.03_60.pdf
global/raw/ETSI_EN_30148902_v02.01.01_60.pdf
global/raw/ETSI_EN_30148903_v02.03.02_60.pdf
global/raw/ETSI_EN_30148917_v03.03.01_60.pdf
global/raw/ETSI_EN_30148919_v02.02.01_60.pdf
global/raw/ETSI_EN_30148920_v02.02.01_60.pdf
global/raw/ETSI_EN_30148922_v02.01.01_60.pdf
global/raw/ETSI_EN_30148924_v01.05.01_60.pdf
global/raw/ETSI_EN_30148926_v02.03.02_60.pdf
global/raw/ETSI_EN_30148927_v02.02.01_60.pdf
global/raw/ETSI_EN_301511_v12.05.01_60.pdf
global/raw/ETSI_EN_301549_v04.01.01_60.pdf
global/raw/ETSI_EN_301559_v02.01.01_60.pdf
global/raw/ETSI_EN_301893_v02.02.01_60.pdf
global/raw/ETSI_EN_30190801_v15.02.01_60.pdf
global/raw/ETSI_EN_30190802_v13.01.01_60.pdf
global/raw/ETSI_EN_30190813_v13.04.01_60.pdf
global/raw/ETSI_EN_30190820_v06.03.01_60.pdf
global/raw/ETSI_EN_301_489-1_EMC_\#351\#200\#232\#347\#224\#250\#350\#246\#201\#346\#261\#202.pdf
global/raw/ETSI_EN_301_489-3_EMC_\#347\#237\#255\#350\#267\#235\#347\#246\#273\#350\#256\#276\#345\#244\#207.pdf
global/raw/ETSI_EN_301_893_5GHz_RLAN.pdf
global/raw/ETSI_EN_301_908_\#350\#234\#202\#347\#252\#235\#345\#237\#272\#347\#253\#231.pdf
global/raw/ETSI_EN_302406_v08.00.01_60.pdf
global/raw/ETSI_EN_302567_v02.02.01_60.pdf
global/raw/ETSI_EN_303345_v01.01.07_30.pdf
global/raw/ETSI_EN_303417_v01.01.01_60.pdf
global/raw/ETSI_EN_303645_v03.01.03_60.pdf
global/raw/ETSI_EN_303687_v01.01.01_60.pdf
global/raw/ETSI_EN_303980_v01.03.01_60.pdf
global/raw/ETSI_EN_303_645_\#346\#266\#210\#350\#264\#271\#347\#211\#251\#350\#201\#224\#347\#275\#221\#347\#275\#221\#347\#273\#234\#345\#256\#211\#345\#205\#250.pdf
global/raw/INTL_Basel_Convention_\#345\#267\#264\#345\#241\#236\#345\#260\#224\#345\#205\#254\#347\#272\#246.html
global/raw/INTL_CEN-CENELEC_\#346\#254\#247\#346\#264\#262\#346\#240\#207\#345\#207\#206\#345\#214\#226.html
global/raw/INTL_Codex_\#345\#206\#234\#350\#215\#257\#346\#256\#213\#347\#225\#231\#351\#231\#220\#351\#207\#217.html
global/raw/INTL_Codex_\#345\#225\#206\#345\#223\#201\#346\#240\#207\#345\#207\#206\#345\#210\#227\#350\#241\#250.html
global/raw/INTL_Codex_\#346\#223\#215\#344\#275\#234\#350\#247\#204\#350\#214\#203\#345\#210\#227\#350\#241\#250.html
global/raw/INTL_Codex_\#351\#243\#237\#345\#223\#201\#346\#216\#245\#350\#247\#246\#346\#235\#220\#346\#226\#231\#351\#200\#232\#347\#224\#250\#346\#240\#207\#345\#207\#206_FAO_WHO.html
global/raw/INTL_ETSI_\#346\#240\#207\#345\#207\#206\#344\#270\#216\#346\#234\#215\#345\#212\#241.html
global/raw/INTL_ETSI_\#346\#240\#207\#345\#207\#206\#344\#272\#244\#344\#273\#230\#347\#233\#256\#345\#275\#225.html
global/raw/INTL_FAO_\#350\#201\#224\#345\#220\#210\#345\#233\#275\#347\#262\#256\#345\#206\#234\#347\#273\#204\#347\#273\#207.html
global/raw/INTL_ICC_\#345\#233\#275\#351\#231\#205\#345\#225\#206\#344\#274\#232.html
global/raw/INTL_ILO_\#345\#233\#275\#351\#231\#205\#345\#212\#263\#345\#267\#245\#347\#273\#204\#347\#273\#207.html
global/raw/INTL_ITU_\#345\#233\#275\#351\#231\#205\#347\#224\#265\#344\#277\#241\#350\#201\#224\#347\#233\#237.html
global/raw/INTL_Montreal_Protocol_\#350\#222\#231\#347\#211\#271\#345\#210\#251\#345\#260\#224\#350\#256\#256\#345\#256\#232\#344\#271\#246.html
global/raw/INTL_NIST_\#347\#276\#216\#345\#233\#275\#345\#233\#275\#345\#256\#266\#346\#240\#207\#345\#207\#206\#344\#270\#216\#346\#212\#200\#346\#234\#257\#347\#240\#224\#347\#251\#266\#351\#231\#242.html
global/raw/INTL_Rotterdam_Convention_\#351\#271\#277\#347\#211\#271\#344\#270\#271\#345\#205\#254\#347\#272\#246.html
global/raw/INTL_Stockholm_Convention_\#346\#226\#257\#345\#276\#267\#345\#223\#245\#345\#260\#224\#346\#221\#251\#345\#205\#254\#347\#272\#246.html
global/raw/INTL_UN_Treaty_Collection_\#346\#235\#241\#347\#272\#246\#351\#233\#206.html
global/raw/INTL_UPU_\#344\#270\#207\#345\#233\#275\#351\#202\#256\#346\#224\#277\#350\#201\#224\#347\#233\#237.html
global/raw/INTL_WCO_\#344\#270\#226\#347\#225\#214\#346\#265\#267\#345\#205\#263\#347\#273\#204\#347\#273\#207.html
global/raw/INTL_WHO_\#344\#270\#226\#347\#225\#214\#345\#215\#253\#347\#224\#237\#347\#273\#204\#347\#273\#207.html
global/raw/INTL_WIPO_Madrid_Agreement_and_Protocol_pub_292.pdf
global/raw/INTL_WIPO_Madrid_\#345\#225\#206\#346\#240\#207\#345\#233\#275\#351\#231\#205\#346\#263\#250\#345\#206\#214.html
global/raw/INTL_WIPO_PCT_\#344\#270\#223\#345\#210\#251\#345\#220\#210\#344\#275\#234\#346\#235\#241\#347\#272\#246.html
global/raw/INTL_WIPO_\#346\#235\#241\#347\#272\#246\#344\#270\#216\#346\#226\#207\#346\#234\#254.html
global/raw/INTL_World_Bank_\#344\#270\#226\#347\#225\#214\#351\#223\#266\#350\#241\#214.html
global/raw/\#343\#200\#212\#344\#270\#223\#345\#210\#251\#345\#220\#210\#344\#275\#234\#346\#235\#241\#347\#272\#246\#343\#200\#213\#357\#274\#210PCT\#357\#274\#211\#344\#270\#255\#346\#226\#207\#347\#211\#210\#357\#274\#210WIPO\#347\#237\#245\#350\#257\#206\#344\#272\#247\#346\#235\#203\#345\#272\#223\#357\#274\#211.pdf
global/raw/\#343\#200\#212\#344\#270\#223\#345\#210\#251\#345\#220\#210\#344\#275\#234\#346\#235\#241\#347\#272\#246\#343\#200\#213\#357\#274\#210PCT\#357\#274\#211\#350\#213\#261\#346\#226\#207\#347\#211\#210\#357\#274\#210WIPO 2018\#347\#211\#210\#357\#274\#211.pdf
global/raw/\#343\#200\#212\#351\#251\#254\#345\#276\#267\#351\#207\#214\#345\#215\#217\#345\#256\#232\#344\#270\#216\#350\#256\#256\#345\#256\#232\#344\#271\#246\#343\#200\#213\#357\#274\#210WIPO\#345\#225\#206\#346\#240\#207\#345\#233\#275\#351\#231\#205\#346\#263\#250\#345\#206\#214\#346\#235\#241\#347\#272\#246\#350\#257\#246\#346\#203\#205\#357\#274\#211.html
id/
id/ID-ID_-_UU_8_1999_JDIH.yaml
id/ID-ID_JDIH_-_JDIH-SETNEG-GO-ID.yaml
id/ID-ID_JDIH_.yaml
id/raw/
id/raw/ID_JDIH_\#345\#233\#275\#345\#256\#266\#346\#263\#225\#350\#247\#204\#345\#272\#223.html
id/raw/ID_JDIH_\#346\#263\#225\#350\#247\#204\#346\#225\#260\#346\#215\#256\#345\#272\#223_jdih.setneg.go.id.html
id/raw/ID_\#346\#266\#210\#350\#264\#271\#350\#200\#205\#344\#277\#235\#346\#212\#244\#346\#263\#225_UU_8_1999_JDIH.html
id/raw/\#345\#215\#260\#345\#260\#274\#343\#200\#2122003\#345\#271\#264\#347\#254\#25413\#345\#217\#267\#344\#272\#272\#345\#212\#233\#346\#263\#225\#343\#200\#213.pdf
id/raw/\#345\#215\#260\#345\#260\#274\#343\#200\#212\#344\#270\#252\#344\#272\#272\#346\#225\#260\#346\#215\#256\#344\#277\#235\#346\#212\#244\#346\#263\#225\#343\#200\#213\#357\#274\#210PDP Law No 27 of 2022\#357\#274\#211\#350\#247\#243\#350\#257\#273.html
id/raw/\#345\#215\#260\#345\#260\#274\#343\#200\#212\#345\#205\#263\#344\#272\#216\#347\#246\#201\#346\#255\#242\#345\#236\#204\#346\#226\#255\#345\#256\#236\#350\#267\#265\#345\#222\#214\#344\#270\#215\#345\#205\#254\#345\#271\#263\#345\#225\#206\#344\#270\#232\#347\#253\#236\#344\#272\#211\#347\#232\#204\#347\#254\#2545\#345\#217\#267\#346\#263\#225\#345\#276\#213\#343\#200\#213\#357\#274\#2101999\#357\#274\#211.pdf
id/raw/\#345\#215\#260\#345\#260\#274\#343\#200\#212\#345\#210\#233\#351\#200\#240\#345\#260\#261\#344\#270\#232\#346\#263\#225\#343\#200\#213\#357\#274\#210Omnibus Law No 6 of 2023\#357\#274\#214DS Avocats\#350\#247\#243\#350\#257\#273\#357\#274\#211.pdf
in/
in/IN-BIS-CRS.yaml
in/IN-IN_BIS_.yaml
in/IN-IN_BIS_CRS_-_BIS-GOV-IN.yaml
in/IN-IN_DPDP_ACT_2023_MEITY.yaml
in/raw/
in/raw/IN_BIS_CRS_\#345\#274\#272\#345\#210\#266\#346\#263\#250\#345\#206\#214\#350\#256\#241\#345\#210\#222_bis.gov.in.html
in/raw/IN_BIS_\#345\#274\#272\#345\#210\#266\#346\#263\#250\#345\#206\#214\#350\#256\#241\#345\#210\#222\#345\#205\#254\#345\#221\#212.html
in/raw/IN_DPDP_Act_2023_meity.html
it/
it/IT-IT_-_GAZZETTA_UFFICIALE.yaml
it/IT-IT_-_NORMATTIVA.yaml
it/IT-IT_NORMATTIVA_.yaml
it/raw/
it/raw/IT_Normattiva_\#346\#263\#225\#350\#247\#204\#345\#272\#223.html
it/raw/IT_\#345\#256\#230\#346\#226\#271\#345\#205\#254\#346\#212\#245_Gazzetta_Ufficiale.html
it/raw/IT_\#346\#266\#210\#350\#264\#271\#350\#200\#205\#346\#263\#225\#345\#205\#270_Normattiva.html
jp/
jp/JP-APPI_ACT_ON_THE_PROTECTION_OF_PERSONAL_INFORMATION.yaml
jp/JP-COMMERCE_ACT_ON_SPECIFIED_COMMERCIAL_TRANSACTIONS.yaml
jp/JP-CONSUMER-CONTRACT_CONSUMER_CONTRACT_ACT.yaml
jp/JP-DENANHO_ELECTRICAL_APPLIANCE_AND_MATERIAL_SAFETY_ACT.yaml
jp/JP-HOUSEHOLD-GOODS_HOUSEHOLD_GOODS_QUALITY_LABELLING_ACT.yaml
jp/JP-JP_-_-_CUSTOMS-GO-JP.yaml
jp/JP-JP_-_CAA_CAA-GO-JP.yaml
jp/JP-JP_-_MHLW-GO-JP.yaml
jp/JP-JP_E-GOV_.yaml
jp/JP-KEIHYO_ACT_AGAINST_UNJUSTIFIABLE_PREMIUMS_AND_MISLEADING_.yaml
jp/JP-METI-PSE.yaml
jp/JP-PHARMACEUTICAL_PHARMACEUTICAL_AND_MEDICAL_DEVICE_ACT.yaml
jp/JP-PRODUCT-SAFETY_CONSUMER_PRODUCT_SAFETY_ACT.yaml
jp/raw/
jp/raw/JP-APPI_Act_on_the_Protection_of_Personal_Information.xml
jp/raw/JP-COMMERCE_Act_on_Specified_Commercial_Transactions.xml
jp/raw/JP-CONSUMER-CONTRACT_Consumer_Contract_Act.xml
jp/raw/JP-DENANHO_Electrical_Appliance_and_Material_Safety_Act.xml
jp/raw/JP-HOUSEHOLD-GOODS_Household_Goods_Quality_Labelling_Act.xml
jp/raw/JP-KEIHYO_Act_against_Unjustifiable_Premiums_and_Misleading_Representations.xml
jp/raw/JP-PHARMACEUTICAL_Pharmaceutical_and_Medical_Device_Act.xml
jp/raw/JP-PRODUCT-SAFETY_Consumer_Product_Safety_Act.xml
jp/raw/JP_e-Gov_\#346\#263\#225\#344\#273\#244\#346\#243\#200\#347\#264\#242\#351\#227\#250\#346\#210\#267.html
jp/raw/JP_\#345\#216\#232\#347\#224\#237\#345\#212\#263\#345\#212\#250\#347\#234\#201_mhlw.go.jp.html
jp/raw/JP_\#346\#266\#210\#350\#264\#271\#350\#200\#205\#345\#216\#205_CAA_caa.go.jp.html
jp/raw/JP_\#350\#264\#242\#345\#212\#241\#347\#234\#201_\#345\#205\#263\#347\#250\#216_customs.go.jp.html
kr/
kr/KR-KR_-_-_KLRI.yaml
kr/KR-KR_-_KLRI_.yaml
kr/KR-KR_-_LAW-GO-KR.yaml
kr/KR-MOTIE-KC.yaml
kr/raw/
kr/raw/KR_\#345\#233\#275\#345\#256\#266\#346\#263\#225\#344\#273\#244\#344\#277\#241\#346\#201\#257\#344\#270\#255\#345\#277\#203_KLRI_\#350\#213\#261\#346\#226\#207.html
kr/raw/KR_\#345\#233\#275\#345\#256\#266\#346\#263\#225\#344\#273\#244\#344\#277\#241\#346\#201\#257\#344\#270\#255\#345\#277\#203_\#350\#213\#261\#346\#226\#207_KLRI.html
kr/raw/KR_\#346\#263\#225\#344\#273\#244\#344\#277\#241\#346\#201\#257\#344\#270\#255\#345\#277\#203_law.go.kr.html
mx/
mx/MX-MX_NOM_-_GOB-MX.yaml
mx/raw/
mx/raw/MX_NOM_\#346\#240\#207\#345\#207\#206\#347\#233\#256\#345\#275\#225_gob.mx.html
my/
my/MY-MY_-_1999_AGC.yaml
my/MY-MY_-_AGC.yaml
my/MY-MY_-_STANDARDS_MALAYSIA.yaml
my/MY-MY_AGC_.yaml
my/MY-MY_PDPA_2010_ACT_709_PDP-GOV-MY.yaml
my/raw/
my/raw/MY_AGC_\#346\#263\#225\#344\#273\#244\#347\#233\#256\#345\#275\#225.html
my/raw/MY_PDPA_2010_Act_709_pdp.gov.my.html
my/raw/MY_\#346\#200\#273\#346\#243\#200\#345\#257\#237\#347\#275\#262_AGC.html
my/raw/MY_\#346\#240\#207\#345\#207\#206\#345\#261\#200_STANDARDS_MALAYSIA.html
my/raw/MY_\#346\#266\#210\#350\#264\#271\#350\#200\#205\#344\#277\#235\#346\#212\#244\#346\#263\#225_1999_AGC.html
my/raw/\#351\#251\#254\#346\#235\#245\#350\#245\#277\#344\#272\#2322025\#345\#271\#264\#346\#226\#260\#350\#267\#250\#345\#242\#203\#346\#225\#260\#346\#215\#256\#344\#274\#240\#350\#276\#223\#346\#214\#207\#345\#215\#227\#350\#257\#264\#346\#230\#216.html
my/raw/\#351\#251\#254\#346\#235\#245\#350\#245\#277\#344\#272\#232\#343\#200\#212\#344\#270\#252\#344\#272\#272\#346\#225\#260\#346\#215\#256\#344\#277\#235\#346\#212\#244\#346\#263\#225\#343\#200\#213\#357\#274\#210PDPA 2010\#357\#274\#214Act 709\#357\#274\#211.pdf
nz/
nz/NZ-NZ_CHILDREN_S_TOYS_PRODUCT_SAFETY_STANDARD.yaml
nz/NZ-NZ_CONSUMER_GUARANTEES_ACT_1993_LEGISLATION-GOVT-NZ.yaml
nz/NZ-NZ_FAIR_TRADING_ACT_1986_LEGISLATION-GOVT-NZ.yaml
nz/NZ-NZ_HOUSEHOLD_COTS_PRODUCT_SAFETY_STANDARD.yaml
nz/NZ-NZ_LEGISLATION-GOVT-NZ.yaml
nz/NZ-PS-Cots.yaml
nz/NZ-PS-Toys.yaml
nz/raw/
nz/raw/NZ_Children_s_Toys_Product_Safety_Standard.html
nz/raw/NZ_Consumer_Guarantees_Act_1993_legislation.govt.nz.html
nz/raw/NZ_Fair_Trading_Act_1986_legislation.govt.nz.html
nz/raw/NZ_Household_Cots_Product_Safety_Standard.html
nz/raw/NZ_legislation.govt.nz.html
sa/
sa/SA-SABER-SASO.yaml
sa/SA-SASO-Saber.yaml
sa/SA-SA_SASO_-_SASO-GOV-SA.yaml
sa/SA-SA_SDAIA_-_SDAIA-GOV-SA.yaml
sa/raw/
sa/raw/SA_SASO_\#346\#212\#200\#346\#234\#257\#346\#263\#225\#350\#247\#204_saso.gov.sa.html
sa/raw/SA_SDAIA_\#344\#270\#252\#344\#272\#272\#346\#225\#260\#346\#215\#256\#344\#277\#235\#346\#212\#244\#346\#263\#225_sdaia.gov.sa.html
sa/raw/\#346\#262\#231\#347\#211\#271SFDA\#345\#214\#273\#347\#226\#227\#345\#231\#250\#346\#242\#260\#347\#233\#221\#347\#256\#241\#350\#246\#201\#346\#261\#202\#350\#257\#264\#346\#230\#216\#357\#274\#210ITA\#346\#214\#207\#345\#215\#227\#357\#274\#211.html
sa/raw/\#346\#262\#231\#347\#211\#271Saber_SASO\#347\#224\#265\#345\#255\#220\#350\#256\#244\#350\#257\#201\#347\#263\#273\#347\#273\#237\#350\#257\#264\#346\#230\#216\#357\#274\#210QIMA\#346\#214\#207\#345\#215\#227\#357\#274\#211.html
sa/raw/\#346\#262\#231\#347\#211\#271\#343\#200\#212\#344\#270\#252\#344\#272\#272\#346\#225\#260\#346\#215\#256\#344\#277\#235\#346\#212\#244\#346\#263\#225\#343\#200\#213\#357\#274\#210PDPL 2021\#345\#271\#264\#344\#277\#256\#350\#256\#242\#347\#211\#210\#345\#220\#210\#350\#247\#204\#346\#214\#207\#345\#215\#227\#357\#274\#211.html
sa/raw/\#346\#262\#231\#347\#211\#271\#343\#200\#212\#344\#270\#252\#344\#272\#272\#346\#225\#260\#346\#215\#256\#344\#277\#235\#346\#212\#244\#346\#263\#225\#343\#200\#213\#357\#274\#210PDPL\#357\#274\#214Royal Decree M_19_2021\#357\#274\#211\#350\#213\#261\#346\#226\#207\#345\#210\#206\#346\#236\#220.pdf
schema/regulation.schema.json
sg/
sg/SG-PDPA_2012_PERSONAL_DATA_PROTECTION_ACT_SSO.yaml
sg/SG-PSA_2019_PAYMENT_SERVICES_ACT_SSO.yaml
sg/SG-SG_CONSUMER_PROTECTION_FAIR_TRADING_ACT_SSO.yaml
sg/SG-SG_ENTERPRISE_SINGAPORE_.yaml
sg/SG-SG_HSA_.yaml
sg/SG-SG_SALE_OF_GOODS_ACT_SSO.yaml
sg/SG-SG_SSO_.yaml
sg/raw/
sg/raw/SG-PDPA_2012_Personal_Data_Protection_Act_SSO.html
sg/raw/SG-PSA_2019_Payment_Services_Act_SSO.html
sg/raw/SG_Consumer_Protection_Fair_Trading_Act_SSO.html
sg/raw/SG_Enterprise_Singapore_\#346\#240\#207\#345\#207\#206\#344\#270\#216\#350\#256\#244\#350\#257\#201.html
sg/raw/SG_HSA_\#345\#215\#253\#347\#224\#237\#347\#247\#221\#345\#255\#246\#345\#261\#200.html
sg/raw/SG_SSO_\#346\#263\#225\#350\#247\#204\#346\#225\#260\#346\#215\#256\#345\#272\#223.html
sg/raw/SG_Sale_of_Goods_Act_SSO.html
sg/raw/\#346\#226\#260\#345\#212\#240\#345\#235\#241\#343\#200\#212\#344\#270\#252\#344\#272\#272\#346\#225\#260\#346\#215\#256\#344\#277\#235\#346\#212\#244\#346\#263\#225\#343\#200\#213\#357\#274\#210PDPA 2024\#344\#277\#256\#350\#256\#242\#357\#274\#214Freshfields\#350\#247\#243\#350\#257\#273\#357\#274\#211.html
sg/raw/\#346\#226\#260\#345\#212\#240\#345\#235\#241\#343\#200\#212\#346\#224\#257\#344\#273\#230\#346\#234\#215\#345\#212\#241\#346\#263\#225\#343\#200\#213\#357\#274\#210PSA 2019\#357\#274\#211.html
sg/raw/\#346\#226\#260\#345\#212\#240\#345\#235\#241\#343\#200\#212\#346\#224\#257\#344\#273\#230\#346\#234\#215\#345\#212\#241\#346\#263\#225\#343\#200\#213\#357\#274\#210PSA MAS\#345\#256\#230\#346\#226\#271\#351\#241\#265\#351\#235\#242\#357\#274\#211.html
th/
th/TH-TH_-_OCPB.yaml
th/TH-TH_PDPA_2019_-_MDES-GO-TH.yaml
th/TH-TH_TISI_.yaml
th/raw/
th/raw/TH_PDPA_2019_\#344\#270\#252\#344\#272\#272\#346\#225\#260\#346\#215\#256\#344\#277\#235\#346\#212\#244\#346\#263\#225_mdes.go.th.html
th/raw/TH_TISI_\#346\#263\#260\#345\#233\#275\#345\#267\#245\#344\#270\#232\#346\#240\#207\#345\#207\#206\#351\#231\#242.html
th/raw/TH_\#346\#266\#210\#350\#264\#271\#350\#200\#205\#344\#277\#235\#346\#212\#244\#346\#263\#225_OCPB.html
th/raw/\#346\#263\#260\#345\#233\#275\#343\#200\#212\#344\#270\#252\#344\#272\#272\#346\#225\#260\#346\#215\#256\#344\#277\#235\#346\#212\#244\#346\#263\#225\#343\#200\#213\#357\#274\#210PDPA 2019\#357\#274\#214B.E. 2562\#357\#274\#211\#350\#213\#261\#346\#226\#207\#347\#211\#210.pdf
uk/
uk/UK-Batteries.yaml
uk/UK-Cosmetics.yaml
uk/UK-UKCA-Appliance.yaml
uk/UK-UKCA-General.yaml
uk/UK-UKCA-Radio.yaml
uk/UK-UKCA_-_GOV-UK.yaml
uk/UK-UK_EPR_-_GOV-UK.yaml
uk/UK-UK_HSE_SVHC_-_HSE-GOV-UK.yaml
uk/UK-UK_REACH_-_GOV-UK.yaml
uk/UK-UK_WEEE_-_GOV-UK.yaml
uk/raw/
uk/raw/UK-UKCA_\#351\#200\#232\#347\#224\#250\#345\#207\#206\#345\#205\#245\#350\#246\#201\#346\#261\#202_gov.uk.html
uk/raw/UK_EPR_\#345\#214\#205\#350\#243\#205\#347\#224\#237\#344\#272\#247\#350\#200\#205\#350\#264\#243\#344\#273\#273_gov.uk.html
uk/raw/UK_HSE_SVHC_\#346\#270\#205\#345\#215\#225_hse.gov.uk.html
uk/raw/UK_REACH_\#345\#220\#210\#350\#247\#204\#346\#214\#207\#345\#215\#227_gov.uk.html
uk/raw/UK_WEEE_\#346\#263\#225\#350\#247\#204\#346\#214\#207\#345\#215\#227_gov.uk.html
uk/raw/\#350\#213\#261\#345\#233\#275\#343\#200\#212\#345\#233\#275\#345\#256\#266\#345\#256\#211\#345\#205\#250\#344\#270\#216\#346\#212\#225\#350\#265\#204\#346\#263\#225\#343\#200\#213\#357\#274\#210NSI Act 2021\#357\#274\#211\#345\#205\#250\#346\#226\#207.html
un/
un/UN-38-3.yaml
un/UN-INTL_CODEX_ALIMENTARIUS_STANDARDS_LIST_FAO_WHO.yaml
un/UN-INTL_WIPO_LEX_.yaml
un/UN-INTL_WTO_LEGAL_TEXTS.yaml
un/UN-INTL_WTO_SPS_AGREEMENT.yaml
un/UN-INTL_WTO_TBT_AGREEMENT.yaml
un/raw/
un/raw/INTL_Codex_Alimentarius_standards_list_FAO_WHO.html
un/raw/INTL_WIPO_Lex_\#347\#237\#245\#350\#257\#206\#344\#272\#247\#346\#235\#203\#346\#263\#225\#350\#247\#204\#346\#225\#260\#346\#215\#256\#345\#272\#223.html
un/raw/INTL_WTO_SPS_Agreement.pdf
un/raw/INTL_WTO_TBT_Agreement.html
un/raw/INTL_WTO_legal_texts.html
un/raw/\#350\#201\#224\#345\#220\#210\#345\#233\#275\#343\#200\#212UN R155\#350\#275\#246\#350\#276\#206\#347\#275\#221\#347\#273\#234\#345\#256\#211\#345\#205\#250\#347\#256\#241\#347\#220\#206\#344\#275\#223\#347\#263\#273\#346\#263\#225\#350\#247\#204\#343\#200\#213\#357\#274\#210UNECE WP29 Certivo\#350\#247\#243\#350\#257\#273\#357\#274\#211.html
un/raw/\#350\#201\#224\#345\#220\#210\#345\#233\#275\#343\#200\#212UN R156\#350\#275\#257\#344\#273\#266\#345\#215\#207\#347\#272\#247\#347\#256\#241\#347\#220\#206\#344\#275\#223\#347\#263\#273\#346\#263\#225\#350\#247\#204\#343\#200\#213\#357\#274\#210UN R155_R156 \#345\#220\#210\#350\#247\#204\#346\#214\#207\#345\#215\#227\#357\#274\#211.html
us/
us/US-16-CFR-1200.yaml
us/US-16-CFR-1250.yaml
us/US-16-CFR-1263.yaml
us/US-21-CFR-174.yaml
us/US-49-CFR-173-185.yaml
us/US-ASTM-F963.yaml
us/US-CA-AB2273_ADCA.yaml
us/US-CA-PROP65_OEHHA.yaml
us/US-CA-Prop-65.yaml
us/US-CA-SB1223.yaml
us/US-CFR-TITLE16-PART1101-2.yaml
us/US-CFR-TITLE16-PART1101-3.yaml
us/US-CFR-TITLE16-PART1101-4.yaml
us/US-CFR-TITLE16-PART1101.yaml
us/US-CFR-TITLE16-PART1102-2.yaml
us/US-CFR-TITLE16-PART1102-3.yaml
us/US-CFR-TITLE16-PART1102-4.yaml
us/US-CFR-TITLE16-PART1102.yaml
us/US-CFR-TITLE16-PART1112-2.yaml
us/US-CFR-TITLE16-PART1112-3.yaml
us/US-CFR-TITLE16-PART1112-4.yaml
us/US-CFR-TITLE16-PART1112.yaml
us/US-CFR-TITLE16-PART1115-2.yaml
us/US-CFR-TITLE16-PART1115-3.yaml
us/US-CFR-TITLE16-PART1115-4.yaml
us/US-CFR-TITLE16-PART1115.yaml
us/US-CFR-TITLE16-PART1116-2.yaml
us/US-CFR-TITLE16-PART1116-3.yaml
us/US-CFR-TITLE16-PART1116-4.yaml
us/US-CFR-TITLE16-PART1116.yaml
us/US-CFR-TITLE16-PART1118-2.yaml
us/US-CFR-TITLE16-PART1118-3.yaml
us/US-CFR-TITLE16-PART1118-4.yaml
us/US-CFR-TITLE16-PART1118.yaml
us/US-CFR-TITLE16-PART1200-2.yaml
us/US-CFR-TITLE16-PART1200-3.yaml
us/US-CFR-TITLE16-PART1200-4.yaml
us/US-CFR-TITLE16-PART1200.yaml
us/US-CFR-TITLE16-PART1201-2.yaml
us/US-CFR-TITLE16-PART1201-3.yaml
us/US-CFR-TITLE16-PART1201-4.yaml
us/US-CFR-TITLE16-PART1201.yaml
us/US-CFR-TITLE16-PART1203-2.yaml
us/US-CFR-TITLE16-PART1203-3.yaml
us/US-CFR-TITLE16-PART1203-4.yaml
us/US-CFR-TITLE16-PART1203.yaml
us/US-CFR-TITLE16-PART1205-2.yaml
us/US-CFR-TITLE16-PART1205-3.yaml
us/US-CFR-TITLE16-PART1205-4.yaml
us/US-CFR-TITLE16-PART1205.yaml
us/US-CFR-TITLE16-PART1207-2.yaml
us/US-CFR-TITLE16-PART1207-3.yaml
us/US-CFR-TITLE16-PART1207-4.yaml
us/US-CFR-TITLE16-PART1207.yaml
us/US-CFR-TITLE16-PART1209-2.yaml
us/US-CFR-TITLE16-PART1209-3.yaml
us/US-CFR-TITLE16-PART1209-4.yaml
us/US-CFR-TITLE16-PART1209.yaml
us/US-CFR-TITLE16-PART1210-2.yaml
us/US-CFR-TITLE16-PART1210-3.yaml
us/US-CFR-TITLE16-PART1210-4.yaml
us/US-CFR-TITLE16-PART1210.yaml
us/US-CFR-TITLE16-PART1211-2.yaml
us/US-CFR-TITLE16-PART1211-3.yaml
us/US-CFR-TITLE16-PART1211-4.yaml
us/US-CFR-TITLE16-PART1211.yaml
us/US-CFR-TITLE16-PART1213-2.yaml
us/US-CFR-TITLE16-PART1213-3.yaml
us/US-CFR-TITLE16-PART1213-4.yaml
us/US-CFR-TITLE16-PART1213.yaml
us/US-CFR-TITLE16-PART1219-2.yaml
us/US-CFR-TITLE16-PART1219-3.yaml
us/US-CFR-TITLE16-PART1219-4.yaml
us/US-CFR-TITLE16-PART1219.yaml
us/US-CFR-TITLE16-PART1220-2.yaml
us/US-CFR-TITLE16-PART1220-3.yaml
us/US-CFR-TITLE16-PART1220-4.yaml
us/US-CFR-TITLE16-PART1220.yaml
us/US-CFR-TITLE16-PART1221-2.yaml
us/US-CFR-TITLE16-PART1221-3.yaml
us/US-CFR-TITLE16-PART1221-4.yaml
us/US-CFR-TITLE16-PART1221.yaml
us/US-CFR-TITLE16-PART1224-2.yaml
us/US-CFR-TITLE16-PART1224-3.yaml
us/US-CFR-TITLE16-PART1224-4.yaml
us/US-CFR-TITLE16-PART1224.yaml
us/US-CFR-TITLE16-PART1250-2.yaml
us/US-CFR-TITLE16-PART1250-3.yaml
us/US-CFR-TITLE16-PART1250-4.yaml
us/US-CFR-TITLE16-PART1250.yaml
us/US-CFR-TITLE16-PART1263-2.yaml
us/US-CFR-TITLE16-PART1263-3.yaml
us/US-CFR-TITLE16-PART1263-4.yaml
us/US-CFR-TITLE16-PART1263.yaml
us/US-CFR-TITLE16-PART1301-2.yaml
us/US-CFR-TITLE16-PART1301-3.yaml
us/US-CFR-TITLE16-PART1301-4.yaml
us/US-CFR-TITLE16-PART1301.yaml
us/US-CFR-TITLE16-PART1303-2.yaml
us/US-CFR-TITLE16-PART1303-3.yaml
us/US-CFR-TITLE16-PART1303-4.yaml
us/US-CFR-TITLE16-PART1303.yaml
us/US-CFR-TITLE16-PART1304-2.yaml
us/US-CFR-TITLE16-PART1304-3.yaml
us/US-CFR-TITLE16-PART1304-4.yaml
us/US-CFR-TITLE16-PART1304.yaml
us/US-CFR-TITLE16-PART1306-2.yaml
us/US-CFR-TITLE16-PART1306-3.yaml
us/US-CFR-TITLE16-PART1306-4.yaml
us/US-CFR-TITLE16-PART1306.yaml
us/US-CFR-TITLE16-PART1307-2.yaml
us/US-CFR-TITLE16-PART1307-3.yaml
us/US-CFR-TITLE16-PART1307-4.yaml
us/US-CFR-TITLE16-PART1307.yaml
us/US-CFR-TITLE16-PART1401-2.yaml
us/US-CFR-TITLE16-PART1401-3.yaml
us/US-CFR-TITLE16-PART1401-4.yaml
us/US-CFR-TITLE16-PART1401.yaml
us/US-CFR-TITLE16-PART1402-2.yaml
us/US-CFR-TITLE16-PART1402-3.yaml
us/US-CFR-TITLE16-PART1402-4.yaml
us/US-CFR-TITLE16-PART1402.yaml
us/US-CFR-TITLE16-PART1500-2.yaml
us/US-CFR-TITLE16-PART1500-3.yaml
us/US-CFR-TITLE16-PART1500-4.yaml
us/US-CFR-TITLE16-PART1500.yaml
us/US-CFR-TITLE16-PART1501-2.yaml
us/US-CFR-TITLE16-PART1501-3.yaml
us/US-CFR-TITLE16-PART1501-4.yaml
us/US-CFR-TITLE16-PART1501.yaml
us/US-CFR-TITLE16-PART1502-2.yaml
us/US-CFR-TITLE16-PART1502-3.yaml
us/US-CFR-TITLE16-PART1502-4.yaml
us/US-CFR-TITLE16-PART1502.yaml
us/US-CFR-TITLE16-PART1505-2.yaml
us/US-CFR-TITLE16-PART1505-3.yaml
us/US-CFR-TITLE16-PART1505-4.yaml
us/US-CFR-TITLE16-PART1505.yaml
us/US-CFR-TITLE16-PART1511-2.yaml
us/US-CFR-TITLE16-PART1511-3.yaml
us/US-CFR-TITLE16-PART1511-4.yaml
us/US-CFR-TITLE16-PART1511.yaml
us/US-CFR-TITLE16-PART1512-2.yaml
us/US-CFR-TITLE16-PART1512-3.yaml
us/US-CFR-TITLE16-PART1512-4.yaml
us/US-CFR-TITLE16-PART1512.yaml
us/US-CFR-TITLE16-PART1513-2.yaml
us/US-CFR-TITLE16-PART1513-3.yaml
us/US-CFR-TITLE16-PART1513-4.yaml
us/US-CFR-TITLE16-PART1513.yaml
us/US-CFR-TITLE16-PART1610-2.yaml
us/US-CFR-TITLE16-PART1610-3.yaml
us/US-CFR-TITLE16-PART1610-4.yaml
us/US-CFR-TITLE16-PART1610.yaml
us/US-CFR-TITLE16-PART1615-2.yaml
us/US-CFR-TITLE16-PART1615-3.yaml
us/US-CFR-TITLE16-PART1615-4.yaml
us/US-CFR-TITLE16-PART1615.yaml
us/US-CFR-TITLE16-PART1616-2.yaml
us/US-CFR-TITLE16-PART1616-3.yaml
us/US-CFR-TITLE16-PART1616-4.yaml
us/US-CFR-TITLE16-PART1616.yaml
us/US-CFR-TITLE16-PART1630-2.yaml
us/US-CFR-TITLE16-PART1630-3.yaml
us/US-CFR-TITLE16-PART1630-4.yaml
us/US-CFR-TITLE16-PART1630.yaml
us/US-CFR-TITLE16-PART1631-2.yaml
us/US-CFR-TITLE16-PART1631-3.yaml
us/US-CFR-TITLE16-PART1631-4.yaml
us/US-CFR-TITLE16-PART1631.yaml
us/US-CFR-TITLE16-PART1632-2.yaml
us/US-CFR-TITLE16-PART1632-3.yaml
us/US-CFR-TITLE16-PART1632-4.yaml
us/US-CFR-TITLE16-PART1632.yaml
us/US-CFR-TITLE16-PART1633-2.yaml
us/US-CFR-TITLE16-PART1633-3.yaml
us/US-CFR-TITLE16-PART1633-4.yaml
us/US-CFR-TITLE16-PART1633.yaml
us/US-CFR-TITLE16-PART1700-2.yaml
us/US-CFR-TITLE16-PART1700-3.yaml
us/US-CFR-TITLE16-PART1700-4.yaml
us/US-CFR-TITLE16-PART1700.yaml
us/US-CFR-TITLE19-PART102-2.yaml
us/US-CFR-TITLE19-PART102-3.yaml
us/US-CFR-TITLE19-PART102-4.yaml
us/US-CFR-TITLE19-PART102.yaml
us/US-CFR-TITLE19-PART134-2.yaml
us/US-CFR-TITLE19-PART134-3.yaml
us/US-CFR-TITLE19-PART134-4.yaml
us/US-CFR-TITLE19-PART134.yaml
us/US-CFR-TITLE19-PART145-2.yaml
us/US-CFR-TITLE19-PART145-3.yaml
us/US-CFR-TITLE19-PART145-4.yaml
us/US-CFR-TITLE19-PART145.yaml
us/US-CFR-TITLE21-PART1-2.yaml
us/US-CFR-TITLE21-PART1-3.yaml
us/US-CFR-TITLE21-PART1-4.yaml
us/US-CFR-TITLE21-PART1.yaml
us/US-CFR-TITLE21-PART101-2.yaml
us/US-CFR-TITLE21-PART101-3.yaml
us/US-CFR-TITLE21-PART101-4.yaml
us/US-CFR-TITLE21-PART101.yaml
us/US-CFR-TITLE21-PART110-2.yaml
us/US-CFR-TITLE21-PART110-3.yaml
us/US-CFR-TITLE21-PART110-4.yaml
us/US-CFR-TITLE21-PART110.yaml
us/US-CFR-TITLE21-PART111-2.yaml
us/US-CFR-TITLE21-PART111-3.yaml
us/US-CFR-TITLE21-PART111-4.yaml
us/US-CFR-TITLE21-PART111.yaml
us/US-CFR-TITLE21-PART117-2.yaml
us/US-CFR-TITLE21-PART117-3.yaml
us/US-CFR-TITLE21-PART117-4.yaml
us/US-CFR-TITLE21-PART117.yaml
us/US-CFR-TITLE21-PART170-2.yaml
us/US-CFR-TITLE21-PART170-3.yaml
us/US-CFR-TITLE21-PART170-4.yaml
us/US-CFR-TITLE21-PART170.yaml
us/US-CFR-TITLE21-PART171-2.yaml
us/US-CFR-TITLE21-PART171-3.yaml
us/US-CFR-TITLE21-PART171-4.yaml
us/US-CFR-TITLE21-PART171.yaml
us/US-CFR-TITLE21-PART172-2.yaml
us/US-CFR-TITLE21-PART172-3.yaml
us/US-CFR-TITLE21-PART172-4.yaml
us/US-CFR-TITLE21-PART172.yaml
us/US-CFR-TITLE21-PART173-2.yaml
us/US-CFR-TITLE21-PART173-3.yaml
us/US-CFR-TITLE21-PART173-4.yaml
us/US-CFR-TITLE21-PART173.yaml
us/US-CFR-TITLE21-PART174-2.yaml
us/US-CFR-TITLE21-PART174-3.yaml
us/US-CFR-TITLE21-PART174-4.yaml
us/US-CFR-TITLE21-PART174.yaml
us/US-CFR-TITLE21-PART175-2.yaml
us/US-CFR-TITLE21-PART175-3.yaml
us/US-CFR-TITLE21-PART175-4.yaml
us/US-CFR-TITLE21-PART175.yaml
us/US-CFR-TITLE21-PART176-2.yaml
us/US-CFR-TITLE21-PART176-3.yaml
us/US-CFR-TITLE21-PART176-4.yaml
us/US-CFR-TITLE21-PART176.yaml
us/US-CFR-TITLE21-PART177-2.yaml
us/US-CFR-TITLE21-PART177-3.yaml
us/US-CFR-TITLE21-PART177-4.yaml
us/US-CFR-TITLE21-PART177.yaml
us/US-CFR-TITLE21-PART178-2.yaml
us/US-CFR-TITLE21-PART178-3.yaml
us/US-CFR-TITLE21-PART178-4.yaml
us/US-CFR-TITLE21-PART178.yaml
us/US-CFR-TITLE21-PART179-2.yaml
us/US-CFR-TITLE21-PART179-3.yaml
us/US-CFR-TITLE21-PART179-4.yaml
us/US-CFR-TITLE21-PART179.yaml
us/US-CFR-TITLE21-PART180-2.yaml
us/US-CFR-TITLE21-PART180-3.yaml
us/US-CFR-TITLE21-PART180-4.yaml
us/US-CFR-TITLE21-PART180.yaml
us/US-CFR-TITLE21-PART181-2.yaml
us/US-CFR-TITLE21-PART181-3.yaml
us/US-CFR-TITLE21-PART181-4.yaml
us/US-CFR-TITLE21-PART181.yaml
us/US-CFR-TITLE21-PART182-2.yaml
us/US-CFR-TITLE21-PART182-3.yaml
us/US-CFR-TITLE21-PART182-4.yaml
us/US-CFR-TITLE21-PART182.yaml
us/US-CFR-TITLE21-PART184-2.yaml
us/US-CFR-TITLE21-PART184-3.yaml
us/US-CFR-TITLE21-PART184-4.yaml
us/US-CFR-TITLE21-PART184.yaml
us/US-CFR-TITLE21-PART186-2.yaml
us/US-CFR-TITLE21-PART186-3.yaml
us/US-CFR-TITLE21-PART186-4.yaml
us/US-CFR-TITLE21-PART186.yaml
us/US-CFR-TITLE21-PART189-2.yaml
us/US-CFR-TITLE21-PART189-3.yaml
us/US-CFR-TITLE21-PART189-4.yaml
us/US-CFR-TITLE21-PART189.yaml
us/US-CFR-TITLE21-PART190-2.yaml
us/US-CFR-TITLE21-PART190-3.yaml
us/US-CFR-TITLE21-PART190-4.yaml
us/US-CFR-TITLE21-PART190.yaml
us/US-CFR-TITLE21-PART700-2.yaml
us/US-CFR-TITLE21-PART700-3.yaml
us/US-CFR-TITLE21-PART700-4.yaml
us/US-CFR-TITLE21-PART700.yaml
us/US-CFR-TITLE21-PART701-2.yaml
us/US-CFR-TITLE21-PART701-3.yaml
us/US-CFR-TITLE21-PART701-4.yaml
us/US-CFR-TITLE21-PART701.yaml
us/US-CFR-TITLE21-PART710-2.yaml
us/US-CFR-TITLE21-PART710-3.yaml
us/US-CFR-TITLE21-PART710-4.yaml
us/US-CFR-TITLE21-PART710.yaml
us/US-CFR-TITLE21-PART720-2.yaml
us/US-CFR-TITLE21-PART720-3.yaml
us/US-CFR-TITLE21-PART720-4.yaml
us/US-CFR-TITLE21-PART720.yaml
us/US-CFR-TITLE21-PART740-2.yaml
us/US-CFR-TITLE21-PART740-3.yaml
us/US-CFR-TITLE21-PART740-4.yaml
us/US-CFR-TITLE21-PART740.yaml
us/US-CFR-TITLE47-PART15-2.yaml
us/US-CFR-TITLE47-PART15-3.yaml
us/US-CFR-TITLE47-PART15-4.yaml
us/US-CFR-TITLE47-PART15.yaml
us/US-CFR-TITLE47-PART18-2.yaml
us/US-CFR-TITLE47-PART18-3.yaml
us/US-CFR-TITLE47-PART18-4.yaml
us/US-CFR-TITLE47-PART18.yaml
us/US-CFR-TITLE47-PART2-2.yaml
us/US-CFR-TITLE47-PART2-3.yaml
us/US-CFR-TITLE47-PART2-4.yaml
us/US-CFR-TITLE47-PART2.yaml
us/US-CFR-TITLE47-PART68-2.yaml
us/US-CFR-TITLE47-PART68-3.yaml
us/US-CFR-TITLE47-PART68-4.yaml
us/US-CFR-TITLE47-PART68.yaml
us/US-CFR-TITLE49-PART171-2.yaml
us/US-CFR-TITLE49-PART171-3.yaml
us/US-CFR-TITLE49-PART171-4.yaml
us/US-CFR-TITLE49-PART171.yaml
us/US-CFR-TITLE49-PART172-2.yaml
us/US-CFR-TITLE49-PART172-3.yaml
us/US-CFR-TITLE49-PART172-4.yaml
us/US-CFR-TITLE49-PART172.yaml
us/US-CFR-TITLE49-PART173-2.yaml
us/US-CFR-TITLE49-PART173-3.yaml
us/US-CFR-TITLE49-PART173-4.yaml
us/US-CFR-TITLE49-PART173.yaml
us/US-CFR-TITLE49-PART178-2.yaml
us/US-CFR-TITLE49-PART178-3.yaml
us/US-CFR-TITLE49-PART178-4.yaml
us/US-CFR-TITLE49-PART178.yaml
us/US-CPSC-General.yaml
us/US-CPSIA.yaml
us/US-FCC-15-18.yaml
us/US-FCC-15.yaml
us/US-FTC_COPPA_RULE.yaml
us/US-FTC_INFORM_ACT.yaml
us/US-FTC_TFPIA.yaml
us/US-MoCRA.yaml
us/US-PLAW-109PUBL347_ENERGY_POLICY_ACT_2005.yaml
us/US-PLAW-110PUBL314_CONSUMER_PRODUCT_SAFETY_IMPROVEMENT_ACT_2008.yaml
us/US-PLAW-114PUBL125_TRADE_FACILITATION_AND_TRADE_ENFORCEMENT_ACT.yaml
us/US-PLAW-115PUBL232_FIRRMA_-NDAA_FY2019.yaml
us/US-PLAW-117PUBL169_INFLATION_REDUCTION_ACT_OF_2022.yaml
us/US-PLAW-117PUBL328_CONSOLIDATED_APPROPRIATIONS_ACT_2023_-INFORM.yaml
us/US-PLAW-117PUBL9_MODERNIZATION_OF_COSMETICS_REGULATION_ACT_2022.yaml
us/US-TFPIA.yaml
us/US-TITLE15-USC-1261_FEDERAL_HAZARDOUS_SUBSTANCES_ACT.yaml
us/US-TITLE15-USC-1274_FHSA_BANNED_HAZARDOUS_SUBSTANCES.yaml
us/US-TITLE15-USC-2051_CONSUMER_PRODUCT_SAFETY_ACT_S-1.yaml
us/US-TITLE15-USC-2056_CPSA_CHILDREN-S_PRODUCTS.yaml
us/US-TITLE15-USC-2056_CPSIA_DEFINITIONS.yaml
us/US-TITLE15-USC-2063_SUBSTANTIAL_PRODUCT_HAZARD_REPORTING.yaml
us/US-TITLE15-USC-2076_CPSC_ENFORCEMENT.yaml
us/US-TITLE15-USC-45_FTC_UNFAIR_OR_DECEPTIVE_ACTS.yaml
us/US-TITLE15-USC-6501_COPPA.yaml
us/US-TITLE15-USC-6502_COPPA_UNFAIR_ACTS.yaml
us/US-TITLE15-USC-6505_COPPA_ENFORCEMENT.yaml
us/US-TITLE15-USC-70_TEXTILE_FIBER_PRODUCTS_IDENTIFICATION_ACT.yaml
us/US-TITLE15-USC-70_TFPIA.yaml
us/US-TITLE19-USC-1304_COUNTRY_OF_ORIGIN_MARKING.yaml
us/US-TITLE21-USC-331_FEDERAL_FOOD_DRUG_AND_COSMETIC_ACT_DEFINI.yaml
us/US-TITLE21-USC-393_FDA_AUTHORITY.yaml
us/US-TITLE47-USC-301_COMMUNICATIONS_ACT_GENERAL_AUTHORITY.yaml
us/US-TITLE47-USC-302_FCC_DEVICE_AUTHORIZATION.yaml
us/US-TITLE49-USC-5101_HAZARDOUS_MATERIALS_TRANSPORTATION.yaml
us/US-UL-60335.yaml
us/US-UL-ETL.yaml
us/US-US_CA_-_CCPA_-_OAG-CA-GOV.yaml
us/US-US_CA_-_CCPA_CPRA_-_LEGINFO.yaml
us/US-US_CA_-_LEGINFO.yaml
us/US-US_CODE_TITLE_15_CHAPTER_2_HTML_GOVINFO.yaml
us/US-US_CODE_TITLE_15_CHAPTER_41_HTML_GOVINFO.yaml
us/US-US_CODE_TITLE_15_CHAPTER_47_HTML_GOVINFO.yaml
us/US-US_CODE_TITLE_16_CHAPTER_1_HTML_GOVINFO.yaml
us/US-US_CODE_TITLE_19_CHAPTER_4_HTML_GOVINFO.yaml
us/US-US_CODE_TITLE_21_CHAPTER_9_HTML_GOVINFO.yaml
us/US-US_CODE_TITLE_42_CHAPTER_85_HTML_GOVINFO.yaml
us/US-US_CODE_TITLE_47_CHAPTER_5_HTML_GOVINFO.yaml
us/US-US_CODE_TITLE_49_CHAPTER_51_HTML_GOVINFO.yaml
us/US-US_CODE_TITLE_7_CHAPTER_6_HTML_GOVINFO.yaml
us/US-US_CPSC_RECALLS.yaml
us/US-US_FEDERALREGISTER_CPSC.yaml
us/US-US_FEDERALREGISTER_LATEST.yaml
us/US-US_FEDERAL_REGISTER_2026-09-14_-_XML.yaml
us/US-US_FEDERAL_REGISTER_2026-09-15_-_XML.yaml
us/US-US_FEDERAL_REGISTER_2026-09-16_-_XML.yaml
us/US-US_FEDERAL_REGISTER_2026-09-17_-_XML.yaml
us/US-US_FEDERAL_REGISTER_2026-09-18_-_XML.yaml
us/US-US_OPENFDA_DEVICE_RECALL.yaml
us/US-US_OPENFDA_DRUG_ENFORCEMENT.yaml
us/US-US_OPENFDA_FOOD_ENFORCEMENT.yaml
us/raw/
us/raw/PLAW-109publ347_Energy_Policy_Act_2005.pdf
us/raw/PLAW-110publ314_Consumer_Product_Safety_Improvement_Act_2008.pdf
us/raw/PLAW-114publ125_Trade_Facilitation_and_Trade_Enforcement_Act_2015.pdf
us/raw/PLAW-115publ232_FIRRMA_(NDAA_FY2019).pdf
us/raw/PLAW-117publ169_Inflation_Reduction_Act_of_2022.pdf
us/raw/PLAW-117publ328_Consolidated_Appropriations_Act_2023_(INFORM_Act).pdf
us/raw/PLAW-117publ9_Modernization_of_Cosmetics_Regulation_Act_2022.pdf
us/raw/US-CA-AB2273_ADCA.html
us/raw/US-CA-Prop65_OEHHA.html
us/raw/US-CA-SB1223.html
us/raw/US-CFR-title16-part1101.pdf
us/raw/US-CFR-title16-part1101.xml
us/raw/US-CFR-title16-part1102.pdf
us/raw/US-CFR-title16-part1102.xml
us/raw/US-CFR-title16-part1112.pdf
us/raw/US-CFR-title16-part1112.xml
us/raw/US-CFR-title16-part1115.pdf
us/raw/US-CFR-title16-part1115.xml
us/raw/US-CFR-title16-part1116.pdf
us/raw/US-CFR-title16-part1116.xml
us/raw/US-CFR-title16-part1118.pdf
us/raw/US-CFR-title16-part1118.xml
us/raw/US-CFR-title16-part1200.pdf
us/raw/US-CFR-title16-part1200.xml
us/raw/US-CFR-title16-part1201.pdf
us/raw/US-CFR-title16-part1201.xml
us/raw/US-CFR-title16-part1203.pdf
us/raw/US-CFR-title16-part1203.xml
us/raw/US-CFR-title16-part1205.pdf
us/raw/US-CFR-title16-part1205.xml
us/raw/US-CFR-title16-part1207.pdf
us/raw/US-CFR-title16-part1207.xml
us/raw/US-CFR-title16-part1209.pdf
us/raw/US-CFR-title16-part1209.xml
us/raw/US-CFR-title16-part1210.pdf
us/raw/US-CFR-title16-part1210.xml
us/raw/US-CFR-title16-part1211.pdf
us/raw/US-CFR-title16-part1211.xml
us/raw/US-CFR-title16-part1213.pdf
us/raw/US-CFR-title16-part1213.xml
us/raw/US-CFR-title16-part1219.pdf
us/raw/US-CFR-title16-part1219.xml
us/raw/US-CFR-title16-part1220.pdf
us/raw/US-CFR-title16-part1220.xml
us/raw/US-CFR-title16-part1221.pdf
us/raw/US-CFR-title16-part1221.xml
us/raw/US-CFR-title16-part1224.pdf
us/raw/US-CFR-title16-part1224.xml
us/raw/US-CFR-title16-part1250.pdf
us/raw/US-CFR-title16-part1250.xml
us/raw/US-CFR-title16-part1263.pdf
us/raw/US-CFR-title16-part1263.xml
us/raw/US-CFR-title16-part1301.pdf
us/raw/US-CFR-title16-part1301.xml
us/raw/US-CFR-title16-part1303.pdf
us/raw/US-CFR-title16-part1303.xml
us/raw/US-CFR-title16-part1304.pdf
us/raw/US-CFR-title16-part1304.xml
us/raw/US-CFR-title16-part1306.pdf
us/raw/US-CFR-title16-part1306.xml
us/raw/US-CFR-title16-part1307.pdf
us/raw/US-CFR-title16-part1307.xml
us/raw/US-CFR-title16-part1401.pdf
us/raw/US-CFR-title16-part1401.xml
us/raw/US-CFR-title16-part1402.pdf
us/raw/US-CFR-title16-part1402.xml
us/raw/US-CFR-title16-part1500.pdf
us/raw/US-CFR-title16-part1500.xml
us/raw/US-CFR-title16-part1501.pdf
us/raw/US-CFR-title16-part1501.xml
us/raw/US-CFR-title16-part1502.pdf
us/raw/US-CFR-title16-part1502.xml
us/raw/US-CFR-title16-part1505.pdf
us/raw/US-CFR-title16-part1505.xml
us/raw/US-CFR-title16-part1511.pdf
us/raw/US-CFR-title16-part1511.xml
us/raw/US-CFR-title16-part1512.pdf
us/raw/US-CFR-title16-part1512.xml
us/raw/US-CFR-title16-part1513.pdf
us/raw/US-CFR-title16-part1513.xml
us/raw/US-CFR-title16-part1610.pdf
us/raw/US-CFR-title16-part1610.xml
us/raw/US-CFR-title16-part1615.pdf
us/raw/US-CFR-title16-part1615.xml
us/raw/US-CFR-title16-part1616.pdf
us/raw/US-CFR-title16-part1616.xml
us/raw/US-CFR-title16-part1630.pdf
us/raw/US-CFR-title16-part1630.xml
us/raw/US-CFR-title16-part1631.pdf
us/raw/US-CFR-title16-part1631.xml
us/raw/US-CFR-title16-part1632.pdf
us/raw/US-CFR-title16-part1632.xml
us/raw/US-CFR-title16-part1633.pdf
us/raw/US-CFR-title16-part1633.xml
us/raw/US-CFR-title16-part1700.pdf
us/raw/US-CFR-title16-part1700.xml
us/raw/US-CFR-title19-part102.pdf
us/raw/US-CFR-title19-part102.xml
us/raw/US-CFR-title19-part134.pdf
us/raw/US-CFR-title19-part134.xml
us/raw/US-CFR-title19-part145.pdf
us/raw/US-CFR-title19-part145.xml
us/raw/US-CFR-title21-part1.pdf
us/raw/US-CFR-title21-part1.xml
us/raw/US-CFR-title21-part101.pdf
us/raw/US-CFR-title21-part101.xml
us/raw/US-CFR-title21-part110.pdf
us/raw/US-CFR-title21-part110.xml
us/raw/US-CFR-title21-part111.pdf
us/raw/US-CFR-title21-part111.xml
us/raw/US-CFR-title21-part117.pdf
us/raw/US-CFR-title21-part117.xml
us/raw/US-CFR-title21-part170.pdf
us/raw/US-CFR-title21-part170.xml
us/raw/US-CFR-title21-part171.pdf
us/raw/US-CFR-title21-part171.xml
us/raw/US-CFR-title21-part172.pdf
us/raw/US-CFR-title21-part172.xml
us/raw/US-CFR-title21-part173.pdf
us/raw/US-CFR-title21-part173.xml
us/raw/US-CFR-title21-part174.pdf
us/raw/US-CFR-title21-part174.xml
us/raw/US-CFR-title21-part175.pdf
us/raw/US-CFR-title21-part175.xml
us/raw/US-CFR-title21-part176.pdf
us/raw/US-CFR-title21-part176.xml
us/raw/US-CFR-title21-part177.pdf
us/raw/US-CFR-title21-part177.xml
us/raw/US-CFR-title21-part178.pdf
us/raw/US-CFR-title21-part178.xml
us/raw/US-CFR-title21-part179.pdf
us/raw/US-CFR-title21-part179.xml
us/raw/US-CFR-title21-part180.pdf
us/raw/US-CFR-title21-part180.xml
us/raw/US-CFR-title21-part181.pdf
us/raw/US-CFR-title21-part181.xml
us/raw/US-CFR-title21-part182.pdf
us/raw/US-CFR-title21-part182.xml
us/raw/US-CFR-title21-part184.pdf
us/raw/US-CFR-title21-part184.xml
us/raw/US-CFR-title21-part186.pdf
us/raw/US-CFR-title21-part186.xml
us/raw/US-CFR-title21-part189.pdf
us/raw/US-CFR-title21-part189.xml
us/raw/US-CFR-title21-part190.pdf
us/raw/US-CFR-title21-part190.xml
us/raw/US-CFR-title21-part700.pdf
us/raw/US-CFR-title21-part700.xml
us/raw/US-CFR-title21-part701.pdf
us/raw/US-CFR-title21-part701.xml
us/raw/US-CFR-title21-part710.pdf
us/raw/US-CFR-title21-part710.xml
us/raw/US-CFR-title21-part720.pdf
us/raw/US-CFR-title21-part720.xml
us/raw/US-CFR-title21-part740.pdf
us/raw/US-CFR-title21-part740.xml
us/raw/US-CFR-title47-part15.pdf
us/raw/US-CFR-title47-part15.xml
us/raw/US-CFR-title47-part18.pdf
us/raw/US-CFR-title47-part18.xml
us/raw/US-CFR-title47-part2.pdf
us/raw/US-CFR-title47-part2.xml
us/raw/US-CFR-title47-part68.pdf
us/raw/US-CFR-title47-part68.xml
us/raw/US-CFR-title49-part171.pdf
us/raw/US-CFR-title49-part171.xml
us/raw/US-CFR-title49-part172.pdf
us/raw/US-CFR-title49-part172.xml
us/raw/US-CFR-title49-part173.pdf
us/raw/US-CFR-title49-part173.xml
us/raw/US-CFR-title49-part178.pdf
us/raw/US-CFR-title49-part178.xml
us/raw/US-FTC_COPPA_rule.html
us/raw/US-FTC_INFORM_Act.html
us/raw/US-FTC_TFPIA.html
us/raw/US-title15-USC-1261_Federal_Hazardous_Substances_Act.pdf
us/raw/US-title15-USC-1274_FHSA_banned_hazardous_substances.pdf
us/raw/US-title15-USC-2051_Consumer_Product_Safety_Act_s.1.pdf
us/raw/US-title15-USC-2056_CPSA_children's_products.pdf
us/raw/US-title15-USC-2056_CPSIA_definitions.pdf
us/raw/US-title15-USC-2063_Substantial_product_hazard_reporting.pdf
us/raw/US-title15-USC-2076_CPSC_enforcement.pdf
us/raw/US-title15-USC-45_FTC_unfair_or_deceptive_acts.pdf
us/raw/US-title15-USC-6501_COPPA.pdf
us/raw/US-title15-USC-6502_COPPA_unfair_acts.pdf
us/raw/US-title15-USC-6505_COPPA_enforcement.pdf
us/raw/US-title15-USC-70_TFPIA.pdf
us/raw/US-title15-USC-70_Textile_Fiber_Products_Identification_Act.pdf
us/raw/US-title19-USC-1304_Country_of_origin_marking.pdf
us/raw/US-title21-USC-331_Federal_Food_Drug_and_Cosmetic_Act_definitions.pdf
us/raw/US-title21-USC-393_FDA_authority.pdf
us/raw/US-title47-USC-301_Communications_Act_general_authority.pdf
us/raw/US-title47-USC-302_FCC_device_authorization.pdf
us/raw/US-title49-USC-5101_Hazardous_materials_transportation.pdf
us/raw/US_CA_\#345\#267\#236\#346\#263\#225\#350\#247\#204\#345\#272\#223_leginfo.html
us/raw/US_CA_\#346\#200\#273\#346\#243\#200\#345\#257\#237\#351\#225\#277_CCPA_\#351\#241\#265\#351\#235\#242_oag.ca.gov.html
us/raw/US_CA_\#346\#260\#221\#346\#263\#225\#345\#205\#270_CCPA_CPRA_\#346\#255\#243\#346\#226\#207_leginfo.html
us/raw/US_Code_title_15_chapter_2_HTML_govinfo.html
us/raw/US_Code_title_15_chapter_41_HTML_govinfo.html
us/raw/US_Code_title_15_chapter_47_HTML_govinfo.html
us/raw/US_Code_title_16_chapter_1_HTML_govinfo.html
us/raw/US_Code_title_19_chapter_4_HTML_govinfo.html
us/raw/US_Code_title_21_chapter_9_HTML_govinfo.html
us/raw/US_Code_title_42_chapter_85_HTML_govinfo.html
us/raw/US_Code_title_47_chapter_5_HTML_govinfo.html
us/raw/US_Code_title_49_chapter_51_HTML_govinfo.html
us/raw/US_Code_title_7_chapter_6_HTML_govinfo.html
us/raw/US_Federal_Register_2026-09-14_\#345\#205\#250\#346\#226\#207_XML.xml
us/raw/US_Federal_Register_2026-09-15_\#345\#205\#250\#346\#226\#207_XML.xml
us/raw/US_Federal_Register_2026-09-16_\#345\#205\#250\#346\#226\#207_XML.xml
us/raw/US_Federal_Register_2026-09-17_\#345\#205\#250\#346\#226\#207_XML.xml
us/raw/US_Federal_Register_2026-09-18_\#345\#205\#250\#346\#226\#207_XML.xml
us/raw/US_cpsc_recalls.json
us/raw/US_federalregister_CPSC.json
us/raw/US_federalregister_latest.json
us/raw/US_openfda_device_recall.json
us/raw/US_openfda_drug_enforcement.json
us/raw/US_openfda_food_enforcement.json
us/raw/\#345\#212\#240\#345\#267\#236\#343\#200\#212\#351\#200\#202\#351\#276\#204\#350\#256\#276\#350\#256\#241\#350\#247\#204\#350\#214\#203\#346\#263\#225\#346\#241\#210\#343\#200\#213\#357\#274\#210ADCA\#357\#274\#214AB 2273\#357\#274\#211\#345\#256\#230\#346\#226\#271\#350\#247\#243\#350\#257\#273.html
us/raw/\#347\#276\#216\#345\#233\#275\#343\#200\#212INFORM\#346\#266\#210\#350\#264\#271\#350\#200\#205\#346\#263\#225\#346\#241\#210\#343\#200\#213\#357\#274\#210INFORM Consumers Act\#357\#274\#214S.936 117th Congress\#357\#274\#211.pdf
us/raw/\#347\#276\#216\#345\#233\#275\#343\#200\#212\#345\#204\#277\#347\#253\#245\#345\#234\#250\#347\#272\#277\#351\#232\#220\#347\#247\#201\#344\#277\#235\#346\#212\#244\#346\#263\#225\#343\#200\#213\#357\#274\#210COPPA\#357\#274\#211.pdf
us/raw/\#347\#276\#216\#345\#233\#275\#343\#200\#212\#345\#244\#226\#350\#265\#204\#346\#212\#225\#350\#265\#204\#351\#243\#216\#351\#231\#251\#345\#256\#241\#346\#237\#245\#347\#216\#260\#344\#273\#243\#345\#214\#226\#346\#263\#225\#346\#241\#210\#343\#200\#213\#357\#274\#210FIRRMA 2018\#357\#274\#211.pdf
us/raw/\#347\#276\#216\#345\#233\#275\#343\#200\#212\#351\#200\#232\#350\#203\#200\#345\#211\#212\#345\#207\#217\#346\#263\#225\#346\#241\#210\#343\#200\#213\#357\#274\#210IRA 2022\#357\#274\#211.pdf
vn/
vn/VN-VN_-13-_LUATVIETNAM.yaml
vn/VN-VN_-2.yaml
vn/VN-VN_-3.yaml
vn/VN-VN_-_19_2023_QH15.yaml
vn/VN-VN_-_VANBAN-CHINHPHU-VN.yaml
vn/VN-VN_.yaml
vn/raw/
vn/raw/VN_\#346\#224\#277\#345\#272\#234\#345\#205\#254\#346\#212\#245.html
vn/raw/VN_\#346\#224\#277\#345\#272\#234\#346\#263\#225\#345\#276\#213\#346\#226\#207\#344\#273\#266\#345\#272\#223.html
vn/raw/VN_\#346\#224\#277\#345\#272\#234\#346\#263\#225\#345\#276\#213\#346\#226\#207\#344\#273\#266\#350\#257\#246\#346\#203\#205\#351\#241\#265.html
vn/raw/VN_\#346\#263\#225\#345\#276\#213\#346\#225\#260\#346\#215\#256\#345\#272\#223_vanban.chinhphu.vn.html
vn/raw/VN_\#346\#266\#210\#350\#264\#271\#350\#200\#205\#346\#235\#203\#347\#233\#212\#344\#277\#235\#346\#212\#244\#346\#263\#225_19_2023_QH15.html
vn/raw/VN_\#347\#254\#25413\#345\#217\#267\#344\#270\#252\#344\#272\#272\#346\#225\#260\#346\#215\#256\#344\#277\#235\#346\#212\#244\#346\#263\#225\#344\#273\#244_luatvietnam.html
vn/raw/\#350\#266\#212\#345\#215\#2272018\#345\#271\#264\#343\#200\#212\#347\#253\#236\#344\#272\#211\#346\#263\#225\#343\#200\#213\#357\#274\#210Law No 23_2018_QH14\#357\#274\#211.pdf
vn/raw/\#350\#266\#212\#345\#215\#227TCVN\#345\#233\#275\#345\#256\#266\#346\#240\#207\#345\#207\#206\#350\#256\#244\#350\#257\#201\#350\#257\#264\#346\#230\#216\#357\#274\#210\#350\#266\#212\#345\#215\#227CR\#346\#240\#207\#345\#277\#227\#350\#256\#244\#350\#257\#201\#344\#277\#241\#346\#201\#257\#345\#206\#214\#357\#274\#211.pdf
vn/raw/\#350\#266\#212\#345\#215\#227\#343\#200\#212\#347\#254\#25413\#345\#217\#267\#344\#270\#252\#344\#272\#272\#346\#225\#260\#346\#215\#256\#344\#277\#235\#346\#212\#244\#346\#263\#225\#344\#273\#244\#343\#200\#213\#357\#274\#210Decree 13_2023\#357\#274\#211.html
vn/raw/\#350\#266\#212\#345\#215\#227\#343\#200\#212\#347\#254\#254147\#345\#217\#267\#346\#263\#225\#344\#273\#244\#343\#200\#213\#357\#274\#210Decree 147_2024_ND_CP\#357\#274\#214\#344\#272\#222\#350\#201\#224\#347\#275\#221\#346\#234\#215\#345\#212\#241\#344\#277\#241\#346\#201\#257\#347\#256\#241\#347\#220\#206\#357\#274\#211\#350\#247\#243\#350\#257\#273.html
vn/raw/\#350\#266\#212\#345\#215\#227\#343\#200\#212\#347\#275\#221\#347\#273\#234\#345\#256\#211\#345\#205\#250\#346\#263\#225\#343\#200\#213\#357\#274\#2102018\#357\#274\#211.html

sent 214613060 bytes  received 41816 bytes  19667666 bytes/sec
total size is 409668466  speedup is 1.91
