/Users/wangjianjun/me/attrax/scripts/extract_regulation_articles.py:66: XMLParsedAsHTMLWarning: It looks like you're using an HTML parser to parse an XML document.

Assuming this really is an XML document, what you're doing might work, but you should know that using an XML parser will be more reliable. To parse this document as XML, make sure you have the Python package 'lxml' installed, and pass the keyword argument `features="xml"` into the BeautifulSoup constructor.

If you want or need to use an HTML parser on this document, you can make this warning go away by filtering it. To do that, run this code before calling the BeautifulSoup constructor:

    from bs4 import XMLParsedAsHTMLWarning
    import warnings

    warnings.filterwarnings("ignore", category=XMLParsedAsHTMLWarning)

  soup = BeautifulSoup(raw, "lxml")
  [ok] AE-AE_MOIAT_ECAS_-_MOIAT-GOV-AE: 3 条 / 8746 字符 ← ae/raw/AE_MoIAT_ECAS_合格评定_moiat.gov.ae.html (html, 8746 chars)
  [ok] AE-AE_UAE_-_U-AE: 8 条 / 28722 字符 ← ae/raw/AE_UAE_立法门户_u.ae.html (html, 28722 chars)
  [ok] AE-CBUAE-SVF: 2 条 / 6184 字符 ← ae/raw/阿联酋央行《储值设施法规》（UAE Central Bank SVF说明）.html (html, 6184 chars)
  [ok] AE-LABOR-33-2021: 3 条 / 11086 字符 ← ae/raw/阿联酋2021年第33号联邦法令（劳动关系规范法）.pdf (pdf, 11086 chars)
  [ok] AE-MEDIA-55-2023: 4 条 / 12094 字符 ← ae/raw/阿联酋2023年第55号《媒体监管联邦法令》.html (html, 12094 chars)
  [no-articles] AU-AU_ACL_AUSTRALIAN_CONSUMER_LAW_LEGISLATION-GOV-AU: no usable raw
  [no-articles] AU-AU_COMPETITION_AND_CONSUMER_ACT_2010_LEGISLATION-GOV-AU: no usable raw
  [no-articles] AU-AU_ELECTRICAL_EQUIPMENT_SAFETY_SYSTEM_EESS: no usable raw
  [no-articles] AU-AU_LEGISLATION-GOV-AU_: no usable raw
  [ok] AU-AU_THERAPEUTIC_GOODS_ACT_1989_LEGISLATION-GOV-AU: 3 条 / 11095 字符 ← au/raw/AU_Therapeutic_Goods_Act_1989_legislation.gov.au.html (html, 11095 chars)
  [ok] AU-AU_TRADE_PRACTICES_ACT_1974_LEGISLATION-GOV-AU: 5 条 / 32000 字符 ← au/raw/AU_Trade_Practices_Act_1974_legislation.gov.au.html (html, 139137 chars)（截断）
  [no-articles] AU-C2004A00001_CUSTOMS_ACT_1901: no usable raw
  [no-articles] AU-C2004A00039_TRADE_PRACTICES_ACT_LEGACY_TEXT: no usable raw
  [ok] AU-C2004A03937_THERAPEUTIC_GOODS_ACT_1989: 3 条 / 11095 字符 ← au/raw/AU-C2004A03937_Therapeutic_Goods_Act_1989.html (html, 11095 chars)
  [no-articles] AU-C2010A00103_COMPETITION_AND_CONSUMER_ACT_2010_INCL-_ACL: no usable raw
  [no-articles] AU-C2017A00022_PRODUCT_EMISSIONS_STANDARDS_ACT_2017: no usable raw
  [no-articles] AU-C2018A00023_TREASURY_LAWS_AMENDMENT_AUSTRALIAN_CONSUMER_L: no usable raw
  [no-articles] BR-BR_ANVISA_-_GOV-BR: no usable raw
  [no-articles] BR-BR_C-DIGO_DE_DEFESA_DO_CONSUMIDOR_LEI_8-078_1990_PLANALTO: no usable raw
  [no-articles] BR-BR_C-DIGO_DE_DEFESA_DO_CONSUMIDOR_PLANALTO: no usable raw
  [no-articles] BR-BR_LGPD_-_GOV-BR: no usable raw
  [no-articles] BR-BR_LGPD_LEI_13-709_2018_PLANALTO: no usable raw
  [ok] BR-INMETRO_-_GOV-BR: 4 条 / 11979 字符 ← br/raw/BR-INMETRO_合格评定_gov.br.html (html, 11979 chars)
  [no-articles] CA-ACT-C-1-68_CANADA_CONSUMER_PRODUCT_SAFETY_ACT-2: no usable raw
  [ok] CA-ACT-C-1-68_CANADA_CONSUMER_PRODUCT_SAFETY_ACT: 9 条 / 32000 字符 ← ca/raw/CA-act-C-1.68_Canada_Consumer_Product_Safety_Act.xml (xml, 70509 chars)（截断）
  [no-articles] CA-ACT-C-34_COMPETITION_ACT-2: no usable raw
  [ok] CA-ACT-C-34_COMPETITION_ACT: 3 条 / 32000 字符 ← ca/raw/CA-act-C-34_Competition_Act.xml (xml, 333584 chars)（截断）
  [no-articles] CA-ACT-C-38_CONSUMER_PACKAGING_AND_LABELLING_ACT-2: no usable raw
  [ok] CA-ACT-C-38_CONSUMER_PACKAGING_AND_LABELLING_ACT: 8 条 / 30238 字符 ← ca/raw/CA-act-C-38_Consumer_Packaging_and_Labelling_Act.xml (xml, 30238 chars)
  [no-articles] CA-ACT-F-27_FOOD_AND_DRUGS_ACT-2: no usable raw
  [ok] CA-ACT-F-27_FOOD_AND_DRUGS_ACT: 11 条 / 32000 字符 ← ca/raw/CA-act-F-27_Food_and_Drugs_Act.xml (xml, 122350 chars)（截断）
  [no-articles] CA-ACT-H-3_HAZARDOUS_PRODUCTS_ACT-2: no usable raw
  [ok] CA-ACT-H-3_HAZARDOUS_PRODUCTS_ACT: 13 条 / 24543 字符 ← ca/raw/CA-act-H-3_Hazardous_Products_Act.xml (xml, 70307 chars)
  [no-articles] CA-ACT-P-8-6_PIPEDA-2: no usable raw
  [ok] CA-ACT-P-8-6_PIPEDA: 9 条 / 32000 字符 ← ca/raw/CA-act-P-8.6_PIPEDA.xml (xml, 110471 chars)（截断）
  [no-articles] CA-ACT-T-10_TEXTILE_LABELLING_ACT-2: no usable raw
  [ok] CA-ACT-T-10_TEXTILE_LABELLING_ACT: 6 条 / 20058 字符 ← ca/raw/CA-act-T-10_Textile_Labelling_Act.xml (xml, 20058 chars)
  [no-articles] CA-ACT-W-6-5_WEIGHTS_AND_MEASURES_ACT-2: no usable raw
  [no-articles] CA-ACT-W-6-5_WEIGHTS_AND_MEASURES_ACT: no usable raw
  [ok] CA-SOR-2001-269: 9 条 / 32000 字符 ← ca/raw/CA-SOR-2001-269_Consumer_Chemicals_and_Containers_Regulations_2001.xml (xml, 103183 chars)（截断）
  [ok] CA-SOR-2016-169: 3 条 / 11840 字符 ← ca/raw/CA-SOR-2016-169_Children's_Sleepwear_Regulations.xml (xml, 11840 chars)
  [no-articles] CA-SOR-2016-188: no usable raw
  [ok] CA-SOR-2016-193: 2 条 / 6009 字符 ← ca/raw/CA-SOR-2016-193_Surface_Coating_Materials_Regulations.xml (xml, 6009 chars)
  [no-articles] CA-SOR-2018-83: no usable raw
  [ok] CA-SOR-2019-97: 2 条 / 7716 字符 ← ca/raw/CA-SOR-2019-97_Corded_Window_Coverings_Regulations.xml (xml, 7716 chars)
  [ok] CN-AML: 39 条 / 8708 字符 ← cn/raw/中国《反垄断法》（2022修正）.pdf (pdf, 8708 chars)
  [no-articles] CN-CN_-_-_MOFCOM-GOV-CN: no usable raw
  [no-articles] CN-CN_-_-_NPC-GOV-CN: no usable raw
  [no-articles] CN-CN_-_-_SAMR-GOV-CN: no usable raw
  [no-articles] CN-CN_-_2023_-_NPC-GOV-CN: no usable raw
  [ok] CN-CN_-_GOV-CN: 2 条 / 7650 字符 ← cn/raw/CN_国务院政策文件库_gov.cn.html (html, 7650 chars)
  [no-articles] CN-CN_-_MOFCOM-GOV-CN: no usable raw
  [no-articles] CN-CN_-_NPC-GOV-CN-10: no usable raw
  [no-articles] CN-CN_-_NPC-GOV-CN-11: no usable raw
  [no-articles] CN-CN_-_NPC-GOV-CN-12: no usable raw
  [no-articles] CN-CN_-_NPC-GOV-CN-2: no usable raw
  [no-articles] CN-CN_-_NPC-GOV-CN-3: no usable raw
  [no-articles] CN-CN_-_NPC-GOV-CN-4: no usable raw
  [no-articles] CN-CN_-_NPC-GOV-CN-5: no usable raw
  [no-articles] CN-CN_-_NPC-GOV-CN-6: no usable raw
  [no-articles] CN-CN_-_NPC-GOV-CN-7: no usable raw
  [no-articles] CN-CN_-_NPC-GOV-CN-8: no usable raw
  [no-articles] CN-CN_-_NPC-GOV-CN-9: no usable raw
  [no-articles] CN-CN_-_NPC-GOV-CN: no usable raw
  [no-articles] CN-CSL_-_NPC-GOV-CN: no usable raw
  [ok] CN-DSL_-_NPC-GOV-CN: 30 条 / 5762 字符 ← cn/raw/CN-DSL_数据安全法_npc.gov.cn.html (html, 5762 chars)
  [no-articles] CN-DUAL-USE-REG: no usable raw
  [ok] CN-DUAL-USE_-_GOV-CN: 44 条 / 10414 字符 ← cn/raw/CN-DUAL-USE_两用物项出口管制条例_gov.cn.html (html, 10414 chars)
  [ok] CN-ECL: 30 条 / 7445 字符 ← cn/raw/中国《出口管制法》（2020）中国法学网全文.html (html, 7445 chars)
  [no-articles] CN-ECL_-_NPC-GOV-CN: no usable raw
  [no-articles] CN-FLK_-_FLK-NPC-GOV-CN: no usable raw
  [no-articles] CN-GB-44495: no usable raw
  [no-articles] CN-GB-44495_-_OPENSTD: no usable raw
  [no-articles] CN-GB_1002-1996_-_-_: no usable raw
  [no-articles] CN-GB_1002-2024_-_-_: no usable raw
  [no-articles] CN-GB_10631-1989_: no usable raw
  [no-articles] CN-GB_10631-2004_-_: no usable raw
  [no-articles] CN-GB_10631-2013_-_: no usable raw
  [no-articles] CN-GB_10631-2025_-_: no usable raw
  [no-articles] CN-GB_12350-2000_: no usable raw
  [no-articles] CN-GB_13837-2003_: no usable raw
  [no-articles] CN-GB_15092-1-2003_-_-1-_: no usable raw
  [no-articles] CN-GB_15092-2-1994_-_-2-_: no usable raw
  [no-articles] CN-GB_15092-3-1998_-_-2-_: no usable raw
  [no-articles] CN-GB_15092-4-1999_-_-2-_: no usable raw
  [no-articles] CN-GB_15193-10-2003_-DNA: no usable raw
  [no-articles] CN-GB_15193-11-2003_: no usable raw
  [no-articles] CN-GB_15193-12-2003_-_V79_HGPRT_: no usable raw
  [no-articles] CN-GB_15193-13-2003_30-90: no usable raw
  [no-articles] CN-GB_15193-17-2003_: no usable raw
  [no-articles] CN-GB_15193-18-2003_-_ADI_: no usable raw
  [no-articles] CN-GB_15193-20-2003_TK: no usable raw
  [no-articles] CN-GB_15193-21-2003_: no usable raw
  [no-articles] CN-GB_15193-3-2003_2003-09-24: no usable raw
  [no-articles] CN-GB_15193-8-2003_: no usable raw
  [no-articles] CN-GB_1588-2001_2001-12-04: no usable raw
  [no-articles] CN-GB_1588-2024_: no usable raw
  [no-articles] CN-GB_15979-2002_: no usable raw
  [no-articles] CN-GB_15979-2024_: no usable raw
  [no-articles] CN-GB_17465-1-1998_-_-_: no usable raw
  [no-articles] CN-GB_17465-2-1998_-_-_: no usable raw
  [no-articles] CN-GB_17465-4-2009_-_-2-_: no usable raw
  [no-articles] CN-GB_17498-1-2008_-_-1-_: no usable raw
  [no-articles] CN-GB_17498-10-2008_-_-10-_-_: no usable raw
  [no-articles] CN-GB_17498-1998_-_: no usable raw
  [no-articles] CN-GB_17498-2-2008_-_-2-_-_: no usable raw
  [no-articles] CN-GB_17498-4-2008_-_-4-_-_: no usable raw
  [no-articles] CN-GB_17498-5-2008_-_-5-_-_: no usable raw
  [no-articles] CN-GB_17498-6-2008_-_-6-_-_: no usable raw
  [no-articles] CN-GB_17498-7-2008_-_-7-_-_: no usable raw
  [no-articles] CN-GB_17498-8-2008_-_-8-_-_-_: no usable raw
  [no-articles] CN-GB_17498-9-2008_-_-9-_-_: no usable raw
  [no-articles] CN-GB_17625-1-2003_-_-_-_-_16A: no usable raw
  [no-articles] CN-GB_17625-1-2012_-_-_-_-_16A: no usable raw
  [no-articles] CN-GB_17625-1-2022_-_-_-1-_-_-_16A: no usable raw
  [no-articles] CN-GB_17625-2-1999_-_-_-16A: no usable raw
  [no-articles] CN-GB_17761-1999_: no usable raw
  [no-articles] CN-GB_17761-2018_: no usable raw
  [no-articles] CN-GB_17761-2024_: no usable raw
  [no-articles] CN-GB_18401-2003_: no usable raw
  [no-articles] CN-GB_18401-2010_: no usable raw
  [no-articles] CN-GB_18580-2001_-_: no usable raw
  [no-articles] CN-GB_18580-2017_-_: no usable raw
  [no-articles] CN-GB_18580-2025_-_: no usable raw
  [no-articles] CN-GB_18584-2001_-_: no usable raw
  [no-articles] CN-GB_18584-2024_: no usable raw
  [no-articles] CN-GB_19212-1-2008_-_-_-_-1-_: no usable raw
  [no-articles] CN-GB_19212-10-2007_-_-_-10-_III: no usable raw
  [no-articles] CN-GB_19212-14-2007_-_-_-14-_: no usable raw
  [no-articles] CN-GB_19212-18-2006_-_-_-18-_: no usable raw
  [no-articles] CN-GB_19212-21-2007_-_-_-21-_: no usable raw
  [no-articles] CN-GB_19212-3-2006_-_-_-3-_: no usable raw
  [no-articles] CN-GB_19212-5-2006_-_-_-5-_: no usable raw
  [no-articles] CN-GB_19212-6-2006_-_-_-6-_: no usable raw
  [no-articles] CN-GB_19212-7-2006_-_-_-7-_: no usable raw
  [no-articles] CN-GB_19212-9-2007_-_-_-9-_: no usable raw
  [no-articles] CN-GB_19517-2004_: no usable raw
  [no-articles] CN-GB_19517-2009_: no usable raw
  [no-articles] CN-GB_19517-2023_: no usable raw
  [no-articles] CN-GB_19593-2004_-_: no usable raw
  [no-articles] CN-GB_19593-2015_-_: no usable raw
  [no-articles] CN-GB_19594-2004_-_: no usable raw
  [no-articles] CN-GB_19594-2015_-_: no usable raw
  [no-articles] CN-GB_19595-2004_-_: no usable raw
  [no-articles] CN-GB_2099-1-1996_-_-_: no usable raw
  [no-articles] CN-GB_2099-2-1997_-_-_: no usable raw
  [no-articles] CN-GB_2099-3-1997_-_-_: no usable raw
  [no-articles] CN-GB_2099-3-2008_-_-2-_: no usable raw
  [no-articles] CN-GB_2099-7-2024_-_: no usable raw
  [no-articles] CN-GB_20997-2007_: no usable raw
  [no-articles] CN-GB_20997-2015_: no usable raw
  [no-articles] CN-GB_20997-2024_: no usable raw
  [no-articles] CN-GB_20998-2007_: no usable raw
  [no-articles] CN-GB_21027-2007_: no usable raw
  [no-articles] CN-GB_21027-2020_: no usable raw
  [no-articles] CN-GB_24613-2009_: no usable raw
  [no-articles] CN-GB_2760-1996_: no usable raw
  [no-articles] CN-GB_2760-2007_: no usable raw
  [no-articles] CN-GB_27607-2011_-_: no usable raw
  [no-articles] CN-GB_27608-2011_-_: no usable raw
  [no-articles] CN-GB_2762-1994_: no usable raw
  [no-articles] CN-GB_2762-2005_: no usable raw
  [no-articles] CN-GB_27950-2011_: no usable raw
  [no-articles] CN-GB_27950-2020_: no usable raw
  [no-articles] CN-GB_28234-2011_: no usable raw
  [no-articles] CN-GB_28234-2020_: no usable raw
  [no-articles] CN-GB_28480-2012_-_: no usable raw
  [no-articles] CN-GB_28480-2026_-_: no usable raw
  [no-articles] CN-GB_30002-2013_2013-10-10: no usable raw
  [no-articles] CN-GB_30585-2014_: no usable raw
  [no-articles] CN-GB_30585-2024_: no usable raw
  [no-articles] CN-GB_31241-2014_-_: no usable raw
  [no-articles] CN-GB_31241-2022_-_: no usable raw
  [no-articles] CN-GB_31241-4-2026_-_-4-_: no usable raw
  [no-articles] CN-GB_31701-2015_: no usable raw
  [no-articles] CN-GB_36246-2018_: no usable raw
  [no-articles] CN-GB_38031-2020_: no usable raw
  [no-articles] CN-GB_38031-2025_: no usable raw
  [no-articles] CN-GB_39669-2020_: no usable raw
  [no-articles] CN-GB_40070-2021_: no usable raw
  [no-articles] CN-GB_4343-1-2003_-_-_-_-1-_: no usable raw
  [no-articles] CN-GB_4343-1-2009_-_-_-1-_: no usable raw
  [no-articles] CN-GB_4343-1-2018_-_-_-1-_: no usable raw
  [no-articles] CN-GB_4343-1-2024_-_-_-1-_: no usable raw
  [no-articles] CN-GB_4343-2-1999_-_-_-_-2-_-_: no usable raw
  [no-articles] CN-GB_44495-2024_: no usable raw
  [no-articles] CN-GB_4706-101-2010_-_-_-_: no usable raw
  [no-articles] CN-GB_4706-102-2010_-_: no usable raw
  [no-articles] CN-GB_4706-103-2010_-_: no usable raw
  [no-articles] CN-GB_4706-105-2011_-_-_: no usable raw
  [no-articles] CN-GB_4706-106-2011_-_: no usable raw
  [no-articles] CN-GB_4706-107-2012_-_: no usable raw
  [no-articles] CN-GB_4706-108-2012_-_-2-_: no usable raw
  [no-articles] CN-GB_4706-109-2013_-_: no usable raw
  [no-articles] CN-GB_4706-13-2014_-_-_: no usable raw
  [no-articles] CN-GB_4706-18-2014_-_: no usable raw
  [no-articles] CN-GB_4706-36-2014_-_: no usable raw
  [no-articles] CN-GB_4706-46-2014_-_: no usable raw
  [no-articles] CN-GB_4706-47-2014_-_: no usable raw
  [no-articles] CN-GB_4706-7-2014_-_: no usable raw
  [no-articles] CN-GB_4706-80-2014_-_: no usable raw
  [no-articles] CN-GB_4706-81-2014_-_: no usable raw
  [no-articles] CN-GB_4706-82-2014_-_: no usable raw
  [no-articles] CN-GB_4706-90-2014_-_: no usable raw
  [no-articles] CN-GB_4806-1-1994_: no usable raw
  [no-articles] CN-GB_4806-2-1994_: no usable raw
  [no-articles] CN-GB_48062-2026_: no usable raw
  [no-articles] CN-GB_48063-2026_: no usable raw
  [no-articles] CN-GB_4943-1-2011_-_-_-1-_: no usable raw
  [no-articles] CN-GB_4943-1-2022_-_-_-1-_: no usable raw
  [no-articles] CN-GB_4943-2001_: no usable raw
  [no-articles] CN-GB_4943-21-2019_-_-_-21-_: no usable raw
  [no-articles] CN-GB_4943-22-2019_-_-_-22-_: no usable raw
  [no-articles] CN-GB_4943-23-2012_-_-_-23-_: no usable raw
  [no-articles] CN-GB_5296-1-1997_-_: no usable raw
  [no-articles] CN-GB_5296-2-1999_-_: no usable raw
  [no-articles] CN-GB_5296-3-1995_-_: no usable raw
  [no-articles] CN-GB_5296-3-2008_-_: no usable raw
  [no-articles] CN-GB_5296-4-1998_-_: no usable raw
  [no-articles] CN-GB_5296-5-1996_-_: no usable raw
  [no-articles] CN-GB_6675-1-2014_-_-1-_: no usable raw
  [no-articles] CN-GB_6675-1-2025_-_-1-_: no usable raw
  [no-articles] CN-GB_6675-11-2014_-_-11-_-_-_: no usable raw
  [no-articles] CN-GB_6675-12-2014_-_-12-_: no usable raw
  [no-articles] CN-GB_6675-13-2014_-_-13-_: no usable raw
  [no-articles] CN-GB_6675-14-2014_-_-14-_: no usable raw
  [no-articles] CN-GB_6675-2-2014_-_-2-_: no usable raw
  [no-articles] CN-GB_6675-2-2025_-_-2-_: no usable raw
  [no-articles] CN-GB_6675-3-2025_-_-3-_: no usable raw
  [no-articles] CN-GB_6675-4-2025_-_-4-_: no usable raw
  [no-articles] CN-GB_7718-1994_: no usable raw
  [no-articles] CN-GB_7718-2004_: no usable raw
  [no-articles] CN-GB_8368-1998_: no usable raw
  [no-articles] CN-GB_8368-2005_-_: no usable raw
  [no-articles] CN-GB_8368-2018_-_: no usable raw
  [no-articles] CN-GB_8898-2001_-_: no usable raw
  [no-articles] CN-GB_8898-2011_-_-_: no usable raw
  [no-articles] CN-GB_9254-1998_: no usable raw
  [no-articles] CN-GB_9706-202-2021_-_-2-2-_: no usable raw
  [no-articles] CN-GB_9706-204-2022_-_-2-4-_: no usable raw
  [no-articles] CN-GB_9706-213-2021_-_-2-13-_: no usable raw
  [no-articles] CN-GB_9706-222-2022_-_-2-22-_-_-_: no usable raw
  [no-articles] CN-GB_9706-224-2021_-_-2-24-_: no usable raw
  [no-articles] CN-GB_9706-255-2022_-_-2-55-_: no usable raw
  [no-articles] CN-GB_9706-271-2022_-_-2-71-_-_NIRS_: no usable raw
  [no-articles] CN-GB_9706-275-2022_-_-2-75-_: no usable raw
  [no-articles] CN-GB_9706-283-2022_-_-2-83-_: no usable raw
  [no-articles] CN-GB_9706-290-2022_-_-2-90-_: no usable raw
  [no-articles] CN-GB_SEARCH_GB_18401_-_OPENSTD: no usable raw
  [no-articles] CN-GB_SEARCH_GB_31241_-_OPENSTD: no usable raw
  [no-articles] CN-GB_SEARCH_GB_4706_-_OPENSTD: no usable raw
  [no-articles] CN-GB_SEARCH_GB_4806_-_OPENSTD: no usable raw
  [no-articles] CN-GB_SEARCH_GB_4943_-_OPENSTD: no usable raw
  [no-articles] CN-GB_SEARCH_GB_5296_-_OPENSTD: no usable raw
  [no-articles] CN-GB_SEARCH_GB_6675_-_OPENSTD: no usable raw
  [no-articles] CN-GB_T_26125-2011_-_-_-_-_-_-_-_: no usable raw
Cannot set gray non-stroke color because /'P0' is an invalid float value
Cannot set gray non-stroke color because /'P1' is an invalid float value
Cannot set gray non-stroke color because /'P2' is an invalid float value
Cannot set gray non-stroke color because /'P3' is an invalid float value
Cannot set gray non-stroke color because /'P4' is an invalid float value
Cannot set gray non-stroke color because /'P5' is an invalid float value
Cannot set gray non-stroke color because /'P6' is an invalid float value
Cannot set gray non-stroke color because /'P7' is an invalid float value
Cannot set gray non-stroke color because /'P8' is an invalid float value
Cannot set gray non-stroke color because /'P9' is an invalid float value
Cannot set gray non-stroke color because /'P10' is an invalid float value
Cannot set gray non-stroke color because /'P0' is an invalid float value
Cannot set gray non-stroke color because /'P1' is an invalid float value
Cannot set gray non-stroke color because /'P2' is an invalid float value
Cannot set gray non-stroke color because /'P0' is an invalid float value
Cannot set gray non-stroke color because /'P1' is an invalid float value
Cannot set gray non-stroke color because /'P2' is an invalid float value
Cannot set gray non-stroke color because /'P3' is an invalid float value
Cannot set gray non-stroke color because /'P4' is an invalid float value
Cannot set gray non-stroke color because /'P5' is an invalid float value
Cannot set gray non-stroke color because /'P0' is an invalid float value
Cannot set gray non-stroke color because /'P1' is an invalid float value
Cannot set gray non-stroke color because /'P0' is an invalid float value
Cannot set gray non-stroke color because /'P1' is an invalid float value
Cannot set gray non-stroke color because /'P2' is an invalid float value
Cannot set gray non-stroke color because /'P3' is an invalid float value
Cannot set gray non-stroke color because /'P1' is an invalid float value
Cannot set gray non-stroke color because /'P1' is an invalid float value
Cannot set gray non-stroke color because /'P1' is an invalid float value
Cannot set gray non-stroke color because /'P1' is an invalid float value
Cannot set gray non-stroke color because /'P1' is an invalid float value
Cannot set gray non-stroke color because /'P2' is an invalid float value
Cannot set gray non-stroke color because /'P1' is an invalid float value
Cannot set gray non-stroke color because /'P1' is an invalid float value
Cannot set gray non-stroke color because /'P1' is an invalid float value
Cannot set gray non-stroke color because /'P1' is an invalid float value
Cannot set gray non-stroke color because /'P1' is an invalid float value
Cannot set gray non-stroke color because /'P1' is an invalid float value
Cannot set gray non-stroke color because /'P1' is an invalid float value
Cannot set gray non-stroke color because /'P1' is an invalid float value
Cannot set gray non-stroke color because /'P1' is an invalid float value
Cannot set gray non-stroke color because /'P1' is an invalid float value
Cannot set gray non-stroke color because /'P1' is an invalid float value
Cannot set gray non-stroke color because /'P3' is an invalid float value
Cannot set gray non-stroke color because /'P3' is an invalid float value
Cannot set gray non-stroke color because /'P3' is an invalid float value
Cannot set gray non-stroke color because /'P1' is an invalid float value
Cannot set gray non-stroke color because /'P2' is an invalid float value
Cannot set gray non-stroke color because /'P1' is an invalid float value
Cannot set gray non-stroke color because /'P1' is an invalid float value
Cannot set gray non-stroke color because /'P2' is an invalid float value
Cannot set gray non-stroke color because /'P3' is an invalid float value
Cannot set gray non-stroke color because /'P4' is an invalid float value
Cannot set gray non-stroke color because /'P4' is an invalid float value
Cannot set gray non-stroke color because /'P4' is an invalid float value
Cannot set gray non-stroke color because /'P5' is an invalid float value
Cannot set gray non-stroke color because /'P6' is an invalid float value
Cannot set gray non-stroke color because /'P7' is an invalid float value
Cannot set gray non-stroke color because /'P7' is an invalid float value
Cannot set gray non-stroke color because /'P6' is an invalid float value
Cannot set gray non-stroke color because /'P7' is an invalid float value
Cannot set gray non-stroke color because /'P0' is an invalid float value
Cannot set gray non-stroke color because /'P0' is an invalid float value
Cannot set gray non-stroke color because /'P0' is an invalid float value
Cannot set gray non-stroke color because /'P0' is an invalid float value
Cannot set gray non-stroke color because /'P0' is an invalid float value
Cannot set gray non-stroke color because /'P0' is an invalid float value
Cannot set gray non-stroke color because /'P0' is an invalid float value
Cannot set gray non-stroke color because /'P0' is an invalid float value
Cannot set gray non-stroke color because /'P0' is an invalid float value
Cannot set gray non-stroke color because /'P0' is an invalid float value
Cannot set gray non-stroke color because /'P0' is an invalid float value
Cannot set gray non-stroke color because /'P0' is an invalid float value
Cannot set gray non-stroke color because /'P0' is an invalid float value
Cannot set gray non-stroke color because /'P0' is an invalid float value
Cannot set gray non-stroke color because /'P0' is an invalid float value
Cannot set gray non-stroke color because /'P0' is an invalid float value
Cannot set gray non-stroke color because /'P0' is an invalid float value
Cannot set gray non-stroke color because /'P0' is an invalid float value
Cannot set gray non-stroke color because /'P0' is an invalid float value
Cannot set gray non-stroke color because /'P0' is an invalid float value
Cannot set gray non-stroke color because /'P0' is an invalid float value
Cannot set gray non-stroke color because /'P0' is an invalid float value
Cannot set gray non-stroke color because /'P0' is an invalid float value
Cannot set gray non-stroke color because /'P0' is an invalid float value
Cannot set gray non-stroke color because /'P0' is an invalid float value
Cannot set gray non-stroke color because /'P0' is an invalid float value
Cannot set gray non-stroke color because /'P0' is an invalid float value
Cannot set gray non-stroke color because /'P0' is an invalid float value
Cannot set gray non-stroke color because /'P0' is an invalid float value
Cannot set gray non-stroke color because /'P0' is an invalid float value
Cannot set gray non-stroke color because /'P0' is an invalid float value
Cannot set gray non-stroke color because /'P0' is an invalid float value
Cannot set gray non-stroke color because /'P0' is an invalid float value
Cannot set gray non-stroke color because /'P0' is an invalid float value
Cannot set gray non-stroke color because /'P0' is an invalid float value
Cannot set gray non-stroke color because /'P0' is an invalid float value
Cannot set gray non-stroke color because /'P0' is an invalid float value
Cannot set gray non-stroke color because /'P0' is an invalid float value
Cannot set gray non-stroke color because /'P0' is an invalid float value
Cannot set gray non-stroke color because /'P0' is an invalid float value
Cannot set gray non-stroke color because /'P0' is an invalid float value
Cannot set gray non-stroke color because /'P0' is an invalid float value
Cannot set gray non-stroke color because /'P0' is an invalid float value
Cannot set gray non-stroke color because /'P0' is an invalid float value
Cannot set gray non-stroke color because /'P0' is an invalid float value
Cannot set gray non-stroke color because /'P0' is an invalid float value
Cannot set gray non-stroke color because /'P0' is an invalid float value
Cannot set gray non-stroke color because /'P0' is an invalid float value
Cannot set gray non-stroke color because /'P0' is an invalid float value
Cannot set gray non-stroke color because /'P0' is an invalid float value
Cannot set gray non-stroke color because /'P0' is an invalid float value
Cannot set gray non-stroke color because /'P0' is an invalid float value
Cannot set gray non-stroke color because /'P0' is an invalid float value
Cannot set gray non-stroke color because /'P0' is an invalid float value
Cannot set gray non-stroke color because /'P0' is an invalid float value
Cannot set gray non-stroke color because /'P0' is an invalid float value
Cannot set gray non-stroke color because /'P0' is an invalid float value
Cannot set gray non-stroke color because /'P0' is an invalid float value
Cannot set gray non-stroke color because /'P0' is an invalid float value
Cannot set gray non-stroke color because /'P0' is an invalid float value
Cannot set gray non-stroke color because /'P0' is an invalid float value
Cannot set gray non-stroke color because /'P0' is an invalid float value
Cannot set gray non-stroke color because /'P0' is an invalid float value
Cannot set gray non-stroke color because /'P0' is an invalid float value
Cannot set gray non-stroke color because /'P0' is an invalid float value
Cannot set gray non-stroke color because /'P0' is an invalid float value
Cannot set gray non-stroke color because /'P0' is an invalid float value
Cannot set gray non-stroke color because /'P0' is an invalid float value
Cannot set gray non-stroke color because /'P0' is an invalid float value
Cannot set gray non-stroke color because /'P0' is an invalid float value
Cannot set gray non-stroke color because /'P0' is an invalid float value
Cannot set gray non-stroke color because /'P0' is an invalid float value
Cannot set gray non-stroke color because /'P0' is an invalid float value
Cannot set gray non-stroke color because /'P0' is an invalid float value
Cannot set gray non-stroke color because /'P0' is an invalid float value
Cannot set gray non-stroke color because /'P0' is an invalid float value
Cannot set gray non-stroke color because /'P0' is an invalid float value
Cannot set gray non-stroke color because /'P0' is an invalid float value
Cannot set gray non-stroke color because /'P0' is an invalid float value
Cannot set gray non-stroke color because /'P0' is an invalid float value
Cannot set gray non-stroke color because /'P0' is an invalid float value
Cannot set gray non-stroke color because /'P0' is an invalid float value
Cannot set gray non-stroke color because /'P0' is an invalid float value
Cannot set gray non-stroke color because /'P0' is an invalid float value
Cannot set gray non-stroke color because /'P0' is an invalid float value
Cannot set gray non-stroke color because /'P0' is an invalid float value
Cannot set gray non-stroke color because /'P0' is an invalid float value
Cannot set gray non-stroke color because /'P0' is an invalid float value
Cannot set gray non-stroke color because /'P0' is an invalid float value
Cannot set gray non-stroke color because /'P0' is an invalid float value
Cannot set gray non-stroke color because /'P0' is an invalid float value
Cannot set gray non-stroke color because /'P0' is an invalid float value
Cannot set gray non-stroke color because /'P0' is an invalid float value
Cannot set gray non-stroke color because /'P0' is an invalid float value
Cannot set gray non-stroke color because /'P0' is an invalid float value
Cannot set gray non-stroke color because /'P0' is an invalid float value
Cannot set gray non-stroke color because /'P0' is an invalid float value
Cannot set gray non-stroke color because /'P0' is an invalid float value
Cannot set gray non-stroke color because /'P0' is an invalid float value
Cannot set gray non-stroke color because /'P0' is an invalid float value
Cannot set gray non-stroke color because /'P0' is an invalid float value
Cannot set gray non-stroke color because /'P0' is an invalid float value
Cannot set gray non-stroke color because /'P0' is an invalid float value
Cannot set gray non-stroke color because /'P0' is an invalid float value
Cannot set gray non-stroke color because /'P0' is an invalid float value
Cannot set gray non-stroke color because /'P0' is an invalid float value
Cannot set gray non-stroke color because /'P0' is an invalid float value
Cannot set gray non-stroke color because /'P0' is an invalid float value
Cannot set gray non-stroke color because /'P0' is an invalid float value
Cannot set gray non-stroke color because /'P0' is an invalid float value
Cannot set gray non-stroke color because /'P0' is an invalid float value
Cannot set gray non-stroke color because /'P0' is an invalid float value
Cannot set gray non-stroke color because /'P0' is an invalid float value
Cannot set gray non-stroke color because /'P0' is an invalid float value
Cannot set gray non-stroke color because /'P0' is an invalid float value
Cannot set gray non-stroke color because /'P0' is an invalid float value
Cannot set gray non-stroke color because /'P0' is an invalid float value
Cannot set gray non-stroke color because /'P0' is an invalid float value
Cannot set gray non-stroke color because /'P0' is an invalid float value
Cannot set gray non-stroke color because /'P0' is an invalid float value
Cannot set gray non-stroke color because /'P0' is an invalid float value
Cannot set gray non-stroke color because /'P0' is an invalid float value
Cannot set gray non-stroke color because /'P0' is an invalid float value
Cannot set gray non-stroke color because /'P0' is an invalid float value
Cannot set gray non-stroke color because /'P0' is an invalid float value
Cannot set gray non-stroke color because /'P0' is an invalid float value
Cannot set gray non-stroke color because /'P0' is an invalid float value
Cannot set gray non-stroke color because /'P0' is an invalid float value
Cannot set gray non-stroke color because /'P0' is an invalid float value
Cannot set gray non-stroke color because /'P0' is an invalid float value
Cannot set gray non-stroke color because /'P0' is an invalid float value
Cannot set gray non-stroke color because /'P0' is an invalid float value
Cannot set gray non-stroke color because /'P0' is an invalid float value
Cannot set gray non-stroke color because /'P0' is an invalid float value
Cannot set gray non-stroke color because /'P0' is an invalid float value
Cannot set gray non-stroke color because /'P0' is an invalid float value
Cannot set gray non-stroke color because /'P0' is an invalid float value
Cannot set gray non-stroke color because /'P0' is an invalid float value
Cannot set gray non-stroke color because /'P0' is an invalid float value
Cannot set gray non-stroke color because /'P0' is an invalid float value
Cannot set gray non-stroke color because /'P0' is an invalid float value
Cannot set gray non-stroke color because /'P0' is an invalid float value
Cannot set gray non-stroke color because /'P0' is an invalid float value
Cannot set gray non-stroke color because /'P0' is an invalid float value
Cannot set gray non-stroke color because /'P0' is an invalid float value
Cannot set gray non-stroke color because /'P0' is an invalid float value
Cannot set gray non-stroke color because /'P0' is an invalid float value
Cannot set gray non-stroke color because /'P0' is an invalid float value
Cannot set gray non-stroke color because /'P0' is an invalid float value
Cannot set gray non-stroke color because /'P0' is an invalid float value
Cannot set gray non-stroke color because /'P0' is an invalid float value
Cannot set gray non-stroke color because /'P0' is an invalid float value
Cannot set gray non-stroke color because /'P0' is an invalid float value
Cannot set gray non-stroke color because /'P0' is an invalid float value
Cannot set gray non-stroke color because /'P0' is an invalid float value
Cannot set gray non-stroke color because /'P0' is an invalid float value
Cannot set gray non-stroke color because /'P0' is an invalid float value
Cannot set gray non-stroke color because /'P0' is an invalid float value
Cannot set gray non-stroke color because /'P0' is an invalid float value
Cannot set gray non-stroke color because /'P0' is an invalid float value
Cannot set gray non-stroke color because /'P0' is an invalid float value
Cannot set gray non-stroke color because /'P0' is an invalid float value
Cannot set gray non-stroke color because /'P0' is an invalid float value
Cannot set gray non-stroke color because /'P0' is an invalid float value
Cannot set gray non-stroke color because /'P0' is an invalid float value
Cannot set gray non-stroke color because /'P0' is an invalid float value
Cannot set gray non-stroke color because /'P0' is an invalid float value
Cannot set gray non-stroke color because /'P0' is an invalid float value
Cannot set gray non-stroke color because /'P0' is an invalid float value
Cannot set gray non-stroke color because /'P0' is an invalid float value
Cannot set gray non-stroke color because /'P0' is an invalid float value
Cannot set gray non-stroke color because /'P0' is an invalid float value
Cannot set gray non-stroke color because /'P0' is an invalid float value
Cannot set gray non-stroke color because /'P0' is an invalid float value
Cannot set gray non-stroke color because /'P0' is an invalid float value
Cannot set gray non-stroke color because /'P1' is an invalid float value
Cannot set gray non-stroke color because /'P2' is an invalid float value
Cannot set gray non-stroke color because /'P3' is an invalid float value
Cannot set gray non-stroke color because /'P4' is an invalid float value
Cannot set gray non-stroke color because /'P5' is an invalid float value
Cannot set gray non-stroke color because /'P6' is an invalid float value
Cannot set gray non-stroke color because /'P7' is an invalid float value
Cannot set gray non-stroke color because /'P8' is an invalid float value
Cannot set gray non-stroke color because /'P9' is an invalid float value
Cannot set gray non-stroke color because /'P10' is an invalid float value
Cannot set gray non-stroke color because /'P11' is an invalid float value
Cannot set gray non-stroke color because /'P12' is an invalid float value
Cannot set gray non-stroke color because /'P13' is an invalid float value
Cannot set gray non-stroke color because /'P14' is an invalid float value
Cannot set gray non-stroke color because /'P15' is an invalid float value
Cannot set gray non-stroke color because /'P16' is an invalid float value
Cannot set gray non-stroke color because /'P17' is an invalid float value
Cannot set gray non-stroke color because /'P18' is an invalid float value
Cannot set gray non-stroke color because /'P19' is an invalid float value
Cannot set gray non-stroke color because /'P20' is an invalid float value
Cannot set gray non-stroke color because /'P21' is an invalid float value
Cannot set gray non-stroke color because /'P22' is an invalid float value
Cannot set gray non-stroke color because /'P23' is an invalid float value
Cannot set gray non-stroke color because /'P24' is an invalid float value
Cannot set gray non-stroke color because /'P25' is an invalid float value
Cannot set gray non-stroke color because /'P26' is an invalid float value
Cannot set gray non-stroke color because /'P27' is an invalid float value
Cannot set gray non-stroke color because /'P28' is an invalid float value
Cannot set gray non-stroke color because /'P29' is an invalid float value
Cannot set gray non-stroke color because /'P0' is an invalid float value
Cannot set gray non-stroke color because /'P0' is an invalid float value
Cannot set gray non-stroke color because /'P0' is an invalid float value
Cannot set gray non-stroke color because /'P0' is an invalid float value
Cannot set gray non-stroke color because /'P0' is an invalid float value
Cannot set gray non-stroke color because /'P0' is an invalid float value
Cannot set gray non-stroke color because /'P0' is an invalid float value
Cannot set gray non-stroke color because /'P0' is an invalid float value
Cannot set gray non-stroke color because /'P0' is an invalid float value
Cannot set gray non-stroke color because /'P0' is an invalid float value
Cannot set gray non-stroke color because /'P0' is an invalid float value
Cannot set gray non-stroke color because /'P0' is an invalid float value
Cannot set gray non-stroke color because /'P0' is an invalid float value
Cannot set gray non-stroke color because /'P0' is an invalid float value
Cannot set gray non-stroke color because /'P0' is an invalid float value
Cannot set gray non-stroke color because /'P0' is an invalid float value
Cannot set gray non-stroke color because /'P0' is an invalid float value
Cannot set gray non-stroke color because /'P0' is an invalid float value
Cannot set gray non-stroke color because /'P0' is an invalid float value
Cannot set gray non-stroke color because /'P0' is an invalid float value
Cannot set gray non-stroke color because /'P0' is an invalid float value
Cannot set gray non-stroke color because /'P0' is an invalid float value
Cannot set gray non-stroke color because /'P0' is an invalid float value
Cannot set gray non-stroke color because /'P0' is an invalid float value
Cannot set gray non-stroke color because /'P0' is an invalid float value
Cannot set gray non-stroke color because /'P0' is an invalid float value
Cannot set gray non-stroke color because /'P0' is an invalid float value
Cannot set gray non-stroke color because /'P0' is an invalid float value
Cannot set gray non-stroke color because /'P0' is an invalid float value
Cannot set gray non-stroke color because /'P0' is an invalid float value
Cannot set gray non-stroke color because /'P0' is an invalid float value
Cannot set gray non-stroke color because /'P0' is an invalid float value
Cannot set gray non-stroke color because /'P0' is an invalid float value
Cannot set gray non-stroke color because /'P0' is an invalid float value
Cannot set gray non-stroke color because /'P0' is an invalid float value
Cannot set gray non-stroke color because /'P0' is an invalid float value
Cannot set gray non-stroke color because /'P0' is an invalid float value
Cannot set gray non-stroke color because /'P0' is an invalid float value
Cannot set gray non-stroke color because /'P0' is an invalid float value
Cannot set gray non-stroke color because /'P0' is an invalid float value
Cannot set gray non-stroke color because /'P0' is an invalid float value
Cannot set gray non-stroke color because /'P0' is an invalid float value
Cannot set gray non-stroke color because /'P0' is an invalid float value
Cannot set gray non-stroke color because /'P0' is an invalid float value
Cannot set gray non-stroke color because /'P0' is an invalid float value
Cannot set gray non-stroke color because /'P0' is an invalid float value
Cannot set gray non-stroke color because /'P0' is an invalid float value
Cannot set gray non-stroke color because /'P0' is an invalid float value
Cannot set gray non-stroke color because /'P0' is an invalid float value
Cannot set gray non-stroke color because /'P0' is an invalid float value
Cannot set gray non-stroke color because /'P0' is an invalid float value
Cannot set gray non-stroke color because /'P0' is an invalid float value
Cannot set gray non-stroke color because /'P0' is an invalid float value
Cannot set gray non-stroke color because /'P0' is an invalid float value
Cannot set gray non-stroke color because /'P0' is an invalid float value
Cannot set gray non-stroke color because /'P0' is an invalid float value
Cannot set gray non-stroke color because /'P0' is an invalid float value
Cannot set gray non-stroke color because /'P0' is an invalid float value
Cannot set gray non-stroke color because /'P0' is an invalid float value
Cannot set gray non-stroke color because /'P0' is an invalid float value
Cannot set gray non-stroke color because /'P0' is an invalid float value
Cannot set gray non-stroke color because /'P0' is an invalid float value
Cannot set gray non-stroke color because /'P0' is an invalid float value
Cannot set gray non-stroke color because /'P0' is an invalid float value
Cannot set gray non-stroke color because /'P0' is an invalid float value
Cannot set gray non-stroke color because /'P0' is an invalid float value
Cannot set gray non-stroke color because /'P0' is an invalid float value
Cannot set gray non-stroke color because /'P0' is an invalid float value
Cannot set gray non-stroke color because /'P0' is an invalid float value
Cannot set gray non-stroke color because /'P0' is an invalid float value
Cannot set gray non-stroke color because /'P0' is an invalid float value
Cannot set gray non-stroke color because /'P0' is an invalid float value
Cannot set gray non-stroke color because /'P0' is an invalid float value
Cannot set gray non-stroke color because /'P0' is an invalid float value
Cannot set gray non-stroke color because /'P0' is an invalid float value
Cannot set gray non-stroke color because /'P0' is an invalid float value
Cannot set gray non-stroke color because /'P0' is an invalid float value
Cannot set gray non-stroke color because /'P0' is an invalid float value
Cannot set gray non-stroke color because /'P0' is an invalid float value
Cannot set gray non-stroke color because /'P0' is an invalid float value
Cannot set gray non-stroke color because /'P0' is an invalid float value
Cannot set gray non-stroke color because /'P0' is an invalid float value
Cannot set gray non-stroke color because /'P0' is an invalid float value
Cannot set gray non-stroke color because /'P0' is an invalid float value
Cannot set gray non-stroke color because /'P0' is an invalid float value
Cannot set gray non-stroke color because /'P0' is an invalid float value
Cannot set gray non-stroke color because /'P0' is an invalid float value
Cannot set gray non-stroke color because /'P0' is an invalid float value
Cannot set gray non-stroke color because /'P0' is an invalid float value
Cannot set gray non-stroke color because /'P0' is an invalid float value
Cannot set gray non-stroke color because /'P0' is an invalid float value
Cannot set gray non-stroke color because /'P0' is an invalid float value
Cannot set gray non-stroke color because /'P0' is an invalid float value
Cannot set gray non-stroke color because /'P0' is an invalid float value
Cannot set gray non-stroke color because /'P0' is an invalid float value
Cannot set gray non-stroke color because /'P0' is an invalid float value
Cannot set gray non-stroke color because /'P0' is an invalid float value
Cannot set gray non-stroke color because /'P0' is an invalid float value
Cannot set gray non-stroke color because /'P0' is an invalid float value
Cannot set gray non-stroke color because /'P0' is an invalid float value
Cannot set gray non-stroke color because /'P0' is an invalid float value
Cannot set gray non-stroke color because /'P0' is an invalid float value
Cannot set gray non-stroke color because /'P0' is an invalid float value
Cannot set gray non-stroke color because /'P0' is an invalid float value
Cannot set gray non-stroke color because /'P0' is an invalid float value
Cannot set gray non-stroke color because /'P0' is an invalid float value
Cannot set gray non-stroke color because /'P0' is an invalid float value
Cannot set gray non-stroke color because /'P0' is an invalid float value
Cannot set gray non-stroke color because /'P0' is an invalid float value
Cannot set gray non-stroke color because /'P0' is an invalid float value
Cannot set gray non-stroke color because /'P0' is an invalid float value
Cannot set gray non-stroke color because /'P0' is an invalid float value
Cannot set gray non-stroke color because /'P0' is an invalid float value
Cannot set gray non-stroke color because /'P0' is an invalid float value
Cannot set gray non-stroke color because /'P0' is an invalid float value
Cannot set gray non-stroke color because /'P0' is an invalid float value
Cannot set gray non-stroke color because /'P0' is an invalid float value
Cannot set gray non-stroke color because /'P0' is an invalid float value
Cannot set gray non-stroke color because /'P0' is an invalid float value
Cannot set gray non-stroke color because /'P0' is an invalid float value
Cannot set gray non-stroke color because /'P0' is an invalid float value
Cannot set gray non-stroke color because /'P0' is an invalid float value
Cannot set gray non-stroke color because /'P0' is an invalid float value
Cannot set gray non-stroke color because /'P0' is an invalid float value
Cannot set gray non-stroke color because /'P0' is an invalid float value
Cannot set gray non-stroke color because /'P0' is an invalid float value
Cannot set gray non-stroke color because /'P0' is an invalid float value
Cannot set gray non-stroke color because /'P0' is an invalid float value
Cannot set gray non-stroke color because /'P0' is an invalid float value
Cannot set gray non-stroke color because /'P0' is an invalid float value
Cannot set gray non-stroke color because /'P0' is an invalid float value
Cannot set gray non-stroke color because /'P0' is an invalid float value
Cannot set gray non-stroke color because /'P0' is an invalid float value
Cannot set gray non-stroke color because /'P0' is an invalid float value
Cannot set gray non-stroke color because /'P0' is an invalid float value
Cannot set gray non-stroke color because /'P0' is an invalid float value
Cannot set gray non-stroke color because /'P0' is an invalid float value
Cannot set gray non-stroke color because /'P0' is an invalid float value
Cannot set gray non-stroke color because /'P0' is an invalid float value
Cannot set gray non-stroke color because /'P0' is an invalid float value
Cannot set gray non-stroke color because /'P0' is an invalid float value
Cannot set gray non-stroke color because /'P0' is an invalid float value
Cannot set gray non-stroke color because /'P0' is an invalid float value
Cannot set gray non-stroke color because /'P0' is an invalid float value
Cannot set gray non-stroke color because /'P0' is an invalid float value
Cannot set gray non-stroke color because /'P0' is an invalid float value
Cannot set gray non-stroke color because /'P0' is an invalid float value
Cannot set gray non-stroke color because /'P0' is an invalid float value
Cannot set gray non-stroke color because /'P0' is an invalid float value
Cannot set gray non-stroke color because /'P0' is an invalid float value
Cannot set gray non-stroke color because /'P0' is an invalid float value
Cannot set gray non-stroke color because /'P0' is an invalid float value
Cannot set gray non-stroke color because /'P0' is an invalid float value
Cannot set gray non-stroke color because /'P0' is an invalid float value
Cannot set gray non-stroke color because /'P0' is an invalid float value
Cannot set gray non-stroke color because /'P0' is an invalid float value
Cannot set gray non-stroke color because /'P0' is an invalid float value
Cannot set gray non-stroke color because /'P0' is an invalid float value
Cannot set gray non-stroke color because /'P0' is an invalid float value
Cannot set gray non-stroke color because /'P0' is an invalid float value
Cannot set gray non-stroke color because /'P0' is an invalid float value
Cannot set gray non-stroke color because /'P0' is an invalid float value
Cannot set gray non-stroke color because /'P0' is an invalid float value
Cannot set gray non-stroke color because /'P0' is an invalid float value
Cannot set gray non-stroke color because /'P0' is an invalid float value
Cannot set gray non-stroke color because /'P0' is an invalid float value
Cannot set gray non-stroke color because /'P0' is an invalid float value
Cannot set gray non-stroke color because /'P0' is an invalid float value
Cannot set gray non-stroke color because /'P0' is an invalid float value
Cannot set gray non-stroke color because /'P1' is an invalid float value
Cannot set gray non-stroke color because /'P2' is an invalid float value
Cannot set gray non-stroke color because /'P3' is an invalid float value
Cannot set gray non-stroke color because /'P4' is an invalid float value
Cannot set gray non-stroke color because /'P5' is an invalid float value
  [no-articles] CN-GB_T_26572-2011_: no usable raw
  [no-articles] CN-GB_T_39560-10-2024_-_-10-_-_GC-MS_-_PAHS: no usable raw
  [no-articles] CN-GB_T_39560-12-2024_-_-12-_-_: no usable raw
  [no-articles] CN-GB_T_39560-2-2024_-_-2-_-_: no usable raw
  [no-articles] CN-GB_T_39560-302-2024_-_-3-2-_-_C-IC_-_: no usable raw
  [no-articles] CN-GB_T_39560-303-2024_-_-3-3-_-_-_PY_TD-GC-MS_-_: no usable raw
  [no-articles] CN-GB_T_39560-4-2021_-_-4-_CV-AAS_CV-AFS_ICP-OES-ICP-MS-_: no usable raw
  [no-articles] CN-GB_T_39560-5-2021_-_-5-_AAS_AFS_ICP-OES-ICP-MS-_-_-_: no usable raw
  [no-articles] CN-GB_T_39560-702-2021_-_-7-2-_-_-_CR_VI: no usable raw
  [no-articles] CN-GB_T_39560-8-2021_-_-8-_-_GC-MS_-_-_PY_TD-GC-MS_: no usable raw
  [no-articles] CN-GB_T_39560-9-2024_-_-9-_-_GC-MS_: no usable raw
  [no-articles] CN-GB_T_4943-2-2026_-_-_-2-_-GB_4943-1_2022: no usable raw
  [no-articles] CN-MIIT_-_-_MIIT-GOV-CN: no usable raw
  [no-articles] CN-ODI-MOFCOM: no usable raw
  [ok] CN-ODI-NDRC: 45 条 / 8664 字符 ← cn/raw/中国《企业境外投资管理办法》（发改委令第11号）.html (html, 8664 chars)
  [ok] CN-ODI-NDRC_-_GOV-CN: 45 条 / 8664 字符 ← cn/raw/CN-ODI-NDRC_企业境外投资管理办法_gov.cn.html (html, 8664 chars)
  [ok] CN-PIPL_-_NPC-GOV-CN: 49 条 / 9567 字符 ← cn/raw/CN-PIPL_个人信息保护法_npc.gov.cn.html (html, 9567 chars)
  [no-articles] CN-SAMR_-_-_SAMR-GOV-CN: no usable raw
  [ok] CN-TECH-EXPORT-CATALOG: 2 条 / 7116 字符 ← cn/raw/中国《禁止出口限制出口技术目录》（2025修订 CSET英文分析）.html (html, 7116 chars)
  [no-articles] CN-TECH-EXPORT-CATALOG_-_MOFCOM: no usable raw
  [no-articles] DE-BATTDG_BATTERIERECHT_DURCHFUEHRUNGSGESETZ-XML: no usable raw
  [ok] DE-BATTDG_BATTERIERECHT_DURCHFUEHRUNGSGESETZ: 31 条 / 32000 字符 ← de/raw/DE-BattDG_Batterierecht_Durchfuehrungsgesetz.pdf (pdf, 133438 chars)（截断）
  [no-articles] DE-BDSG_BUNDESDATENSCHUTZGESETZ_2018-XML: no usable raw
  [ok] DE-BDSG_BUNDESDATENSCHUTZGESETZ_2018: 42 条 / 32000 字符 ← de/raw/DE-BDSG_Bundesdatenschutzgesetz_2018.pdf (pdf, 171305 chars)（截断）
  [no-articles] DE-BGB_BUERGERLICHES_GESETZBUCH-XML: no usable raw
  [ok] DE-BGB_BUERGERLICHES_GESETZBUCH: 49 条 / 32000 字符 ← de/raw/DE-BGB_Buergerliches_Gesetzbuch.pdf (pdf, 658326 chars)（截断）
  [no-articles] DE-CHEMG_CHEMIKALIENGESETZ-XML: no usable raw
  [ok] DE-CHEMG_CHEMIKALIENGESETZ: 29 条 / 32000 字符 ← de/raw/DE-ChemG_Chemikaliengesetz.pdf (pdf, 198485 chars)（截断）
  [no-articles] DE-DE_-_A-K_GESETZE-IM-INTERNET-DE: no usable raw
  [ok] DE-DE_-_BVL: 2 条 / 6686 字符 ← de/raw/DE_消费者保护与食品安全局_BVL.html (html, 6686 chars)
  [ok] DE-DE_-_GESETZE-IM-INTERNET-DE: 9 条 / 32000 字符 ← de/raw/DE_英文翻译法规索引_gesetze-im-internet.de.html (html, 40216 chars)（截断）
  [no-articles] DE-DE_-_L-Z_GESETZE-IM-INTERNET-DE: no usable raw
  [no-articles] DE-ELEKTROG_ELEKTRO-_UND_ELEKTRONIKGERAETEGESETZ-XML: no usable raw
  [ok] DE-ELEKTROG_ELEKTRO-_UND_ELEKTRONIKGERAETEGESETZ: 25 条 / 32000 字符 ← de/raw/DE-ElektroG_Elektro-_und_Elektronikgeraetegesetz.pdf (pdf, 150226 chars)（截断）
  [no-articles] DE-ENWG_ENERGIEWIRTSCHAFTSGESETZ-XML: no usable raw
  [ok] DE-ENWG_ENERGIEWIRTSCHAFTSGESETZ: 60 条 / 18106 字符 ← de/raw/DE-EnWG_Energiewirtschaftsgesetz.pdf (pdf, 903506 chars)（截断）
  [no-articles] DE-LFGB_LEBENSMITTEL-_UND_FUTTERMITTELGESETZBUCH-XML: no usable raw
  [ok] DE-LFGB_LEBENSMITTEL-_UND_FUTTERMITTELGESETZBUCH: 23 条 / 32000 字符 ← de/raw/DE-LFGB_Lebensmittel-_und_Futtermittelgesetzbuch.pdf (pdf, 260512 chars)（截断）
  [no-articles] DE-MARKENG_MARKENGESETZ-XML: no usable raw
  [ok] DE-MARKENG_MARKENGESETZ: 53 条 / 32000 字符 ← de/raw/DE-MarkenG_Markengesetz.pdf (pdf, 230467 chars)（截断）
  [no-articles] DE-PATG_PATENTGESETZ-XML: no usable raw
  [ok] DE-PATG_PATENTGESETZ: 31 条 / 32000 字符 ← de/raw/DE-PatG_Patentgesetz.pdf (pdf, 179223 chars)（截断）
  [no-articles] DE-PRODHAFTG_PRODUKTHAFTUNGSGESETZ-XML: no usable raw
  [ok] DE-PRODHAFTG_PRODUKTHAFTUNGSGESETZ: 20 条 / 11516 字符 ← de/raw/DE-ProdHaftG_Produkthaftungsgesetz.pdf (pdf, 11516 chars)
  [no-articles] DE-PRODSG_PRODUKTSICHERHEITSGESETZ-XML: no usable raw
  [ok] DE-PRODSG_PRODUKTSICHERHEITSGESETZ: 21 条 / 32000 字符 ← de/raw/DE-ProdSG_Produktsicherheitsgesetz.pdf (pdf, 82881 chars)（截断）
  [no-articles] DE-TEXTILKENNZG_TEXTILKENNZEICHNUNGSGESETZ-XML: no usable raw
  [ok] DE-TEXTILKENNZG_TEXTILKENNZEICHNUNGSGESETZ: 13 条 / 18192 字符 ← de/raw/DE-TextilKennzG_Textilkennzeichnungsgesetz.pdf (pdf, 18192 chars)
  [no-articles] DE-TKG_TELEKOMMUNIKATIONSGESETZ-XML: no usable raw
  [ok] DE-TKG_TELEKOMMUNIKATIONSGESETZ: 47 条 / 32000 字符 ← de/raw/DE-TKG_Telekommunikationsgesetz.pdf (pdf, 609706 chars)（截断）
  [no-articles] DE-URHG_URHEBERRECHTSGESETZ-XML: no usable raw
  [ok] DE-URHG_URHEBERRECHTSGESETZ: 60 条 / 31378 字符 ← de/raw/DE-UrhG_Urheberrechtsgesetz.pdf (pdf, 252714 chars)（截断）
  [no-articles] DE-UWG_GESETZ_GEGEN_DEN_UNLAUTEREN_WETTBEWERB-XML: no usable raw
  [ok] DE-UWG_GESETZ_GEGEN_DEN_UNLAUTEREN_WETTBEWERB: 17 条 / 32000 字符 ← de/raw/DE-UWG_Gesetz_gegen_den_unlauteren_Wettbewerb.pdf (pdf, 69968 chars)（截断）
  [no-articles] DE-VERPACKDG_VERPACKUNGSDURCHFUEHRUNGSGESETZ-XML: no usable raw
  [ok] DE-VERPACKDG_VERPACKUNGSDURCHFUEHRUNGSGESETZ: 29 条 / 32000 字符 ← de/raw/DE-VerpackDG_Verpackungsdurchfuehrungsgesetz.pdf (pdf, 198261 chars)（截断）
  [ok] EU-2002-58_EPRIVACY_DIRECTIVE: 3 条 / 30894 字符 ← eu/raw/EU-2002-58_ePrivacy_Directive.pdf (pdf, 55325 chars)
  [ok] EU-2003-88: 3 条 / 32000 字符 ← eu/raw/EU-2003-88_Working_Time_Directive.pdf (pdf, 35286 chars)（截断）
  [ok] EU-2005-29: 14 条 / 32000 字符 ← eu/raw/EU-2005-29_Unfair_Commercial_Practices_Directive.xhtml (html, 60198 chars)（截断）
  [ok] EU-2011-83: 10 条 / 32000 字符 ← eu/raw/EU-2011-83_Consumer_Rights_Directive.xhtml (html, 104082 chars)（截断）
  [ok] EU-2012-19_WEEE_WASTE_ELECTRICAL_AND_ELECTRONIC_EQUIPMENT: 9 条 / 32000 字符 ← eu/raw/EU-2012-19_WEEE_Waste_Electrical_and_Electronic_Equipment.xhtml (html, 94123 chars)（截断）
  [ok] EU-2013-29_PYROTECHNIC_ARTICLES_DIRECTIVE: 13 条 / 32000 字符 ← eu/raw/EU-2013-29_Pyrotechnic_Articles_Directive.xhtml (html, 138168 chars)（截断）
  [ok] EU-2014-31_NON-AUTOMATIC_WEIGHING_INSTRUMENTS: 13 条 / 32000 字符 ← eu/raw/EU-2014-31_Non-Automatic_Weighing_Instruments.xhtml (html, 139376 chars)（截断）
  [ok] EU-2014-32_MEASURING_INSTRUMENTS_DIRECTIVE: 12 条 / 32000 字符 ← eu/raw/EU-2014-32_Measuring_Instruments_Directive.xhtml (html, 297367 chars)（截断）
  [ok] EU-2014-34_ATEX_EXPLOSIVE_ATMOSPHERES_DIRECTIVE: 10 条 / 32000 字符 ← eu/raw/EU-2014-34_ATEX_Explosive_Atmospheres_Directive.xhtml (html, 152295 chars)（截断）
  [ok] EU-2014-68_PRESSURE_EQUIPMENT_DIRECTIVE: 7 条 / 32000 字符 ← eu/raw/EU-2014-68_Pressure_Equipment_Directive.xhtml (html, 267472 chars)（截断）
  [ok] EU-2014-90_MARINE_EQUIPMENT_DIRECTIVE: 15 条 / 32000 字符 ← eu/raw/EU-2014-90_Marine_Equipment_Directive.xhtml (html, 117292 chars)（截断）
  [ok] EU-2015-758_ORGANIC_PRODUCTION_REGULATION: 13 条 / 32000 字符 ← eu/raw/EU-2015-758_Organic_Production_Regulation.xhtml (html, 45789 chars)（截断）
  [ok] EU-2016-425_PERSONAL_PROTECTIVE_EQUIPMENT_REGULATION: 18 条 / 32000 字符 ← eu/raw/EU-2016-425_Personal_Protective_Equipment_Regulation.xhtml (html, 147964 chars)（截断）
  [ok] EU-2016-426_GAS_APPLIANCES_REGULATION: 10 条 / 32000 字符 ← eu/raw/EU-2016-426_Gas_Appliances_Regulation.xhtml (html, 155729 chars)（截断）
  [ok] EU-2016-679: 7 条 / 32000 字符 ← eu/raw/EU-2016-679_GDPR_General_Data_Protection_Regulation.xhtml (html, 353017 chars)（截断）
  [ok] EU-2017-1369_ENERGY_LABELLING_REGULATION: 11 条 / 32000 字符 ← eu/raw/EU-2017-1369_Energy_Labelling_Regulation.xhtml (html, 85498 chars)（截断）
  [ok] EU-2017-2455: 3 条 / 10509 字符 ← eu/raw/欧盟VAT电商IOSS和OSS一站式服务解读.html (html, 10509 chars)
  [ok] EU-2017-745_MEDICAL_DEVICES_REGULATION_MDR: 3 条 / 32000 字符 ← eu/raw/EU-2017-745_Medical_Devices_Regulation_MDR.xhtml (html, 646595 chars)（截断）
  [ok] EU-2017-746_IN_VITRO_DIAGNOSTIC_MDR_IVDR: 7 条 / 32000 字符 ← eu/raw/EU-2017-746_In_Vitro_Diagnostic_MDR_IVDR.xhtml (html, 562982 chars)（截断）
  [ok] EU-2019-1020: 13 条 / 32000 字符 ← eu/raw/EU-2019-1020_Market_Surveillance_and_Product_Compliance.xhtml (html, 168784 chars)（截断）
  [ok] EU-2019-2144_GENERAL_SAFETY_REGULATION_VEHICLES: 10 条 / 32000 字符 ← eu/raw/EU-2019-2144_General_Safety_Regulation_vehicles.xhtml (html, 110670 chars)（截断）
  [ok] EU-2019-2161: 6 条 / 32000 字符 ← eu/raw/EU-2019-2161_Omnibus_Directive.xhtml (html, 91055 chars)（截断）
  [ok] EU-2019-452: 11 条 / 32000 字符 ← eu/raw/EU-2019-452_FDI_Screening_Regulation.xhtml (html, 53480 chars)（截断）
  [ok] EU-2020-852_EU_TAXONOMY_REGULATION: 14 条 / 32000 字符 ← eu/raw/EU-2020-852_EU_Taxonomy_Regulation.xhtml (html, 125045 chars)（截断）
  [ok] EU-2021-821-FDI: 8 条 / 32000 字符 ← eu/raw/EU-2021-821_FDI_Screening_Framework_Amendment.xhtml (html, 712215 chars)（截断）
  [ok] EU-2022-1925: 6 条 / 32000 字符 ← eu/raw/EU-2022-1925_Digital_Markets_Act_DMA.xhtml (html, 258859 chars)（截断）
  [ok] EU-2022-2065: 11 条 / 32000 字符 ← eu/raw/EU-2022-2065_Digital_Services_Act_DSA.xhtml (html, 417339 chars)（截断）
  [ok] EU-2022-2464_CORPORATE_SUSTAINABILITY_REPORTING_CSRD: 8 条 / 32000 字符 ← eu/raw/EU-2022-2464_Corporate_Sustainability_Reporting_CSRD.xhtml (html, 268517 chars)（截断）
  [ok] EU-2022-2555_NIS2_CYBERSECURITY_DIRECTIVE: 8 条 / 32000 字符 ← eu/raw/EU-2022-2555_NIS2_Cybersecurity_Directive.xhtml (html, 277219 chars)（截断）
  [ok] EU-2022-612_FOREIGN_SUBSIDIES_REGULATION: 3 条 / 32000 字符 ← eu/raw/EU-2022-612_Foreign_Subsidies_Regulation.xhtml (html, 153172 chars)（截断）
  [ok] EU-2022-868_DATA_GOVERNANCE_ACT: 7 条 / 32000 字符 ← eu/raw/EU-2022-868_Data_Governance_Act.xhtml (html, 185678 chars)（截断）
  [ok] EU-2023-1115_EU_DEFORESTATION_REGULATION_EUDR: 9 条 / 32000 字符 ← eu/raw/EU-2023-1115_EU_Deforestation_Regulation_EUDR.xhtml (html, 173531 chars)（截断）
  [ok] EU-2023-1230_MACHINERY_REGULATION: 7 条 / 32000 字符 ← eu/raw/EU-2023-1230_Machinery_Regulation.xhtml (html, 335535 chars)（截断）
  [ok] EU-2023-1791_ENERGY_EFFICIENCY_DIRECTIVE: 5 条 / 32000 字符 ← eu/raw/EU-2023-1791_Energy_Efficiency_Directive.xhtml (html, 381966 chars)（截断）
  [ok] EU-2023-2854_DATA_ACT: 10 条 / 32000 字符 ← eu/raw/EU-2023-2854_Data_Act.xhtml (html, 292652 chars)（截断）
  [ok] EU-2023-956_CARBON_BORDER_ADJUSTMENT_MECHANISM_CBAM: 6 条 / 32000 字符 ← eu/raw/EU-2023-956_Carbon_Border_Adjustment_Mechanism_CBAM.xhtml (html, 174687 chars)（截断）
  [ok] EU-2024-1689: 6 条 / 32000 字符 ← eu/raw/EU-2024-1689_AI_Act.xhtml (html, 586004 chars)（截断）
  [ok] EU-2024-1760_CORPORATE_SUSTAINABILITY_DUE_DILIGENCE_CSDDD: 4 条 / 32000 字符 ← eu/raw/EU-2024-1760_Corporate_Sustainability_Due_Diligence_CSDDD.xhtml (html, 264314 chars)（截断）
  [ok] EU-2024-1781_ECODESIGN_FOR_SUSTAINABLE_PRODUCTS_ESPR: 4 条 / 32000 字符 ← eu/raw/EU-2024-1781_Ecodesign_for_Sustainable_Products_ESPR.xhtml (html, 340149 chars)（截断）
  [ok] EU-2024-2847_CYBER_RESILIENCE_ACT: 9 条 / 32000 字符 ← eu/raw/EU-2024-2847_Cyber_Resilience_Act.xhtml (html, 349787 chars)（截断）
  [ok] EU-2024-2853_NEW_PRODUCT_LIABILITY_DIRECTIVE: 13 条 / 32000 字符 ← eu/raw/EU-2024-2853_New_Product_Liability_Directive.xhtml (html, 88039 chars)（截断）
  [ok] EU-2024-573_FLUORINATED_GREENHOUSE_GASES_F-GAS: 6 条 / 32000 字符 ← eu/raw/EU-2024-573_Fluorinated_Greenhouse_Gases_F-gas.xhtml (html, 224478 chars)（截断）
  [ok] EU-2025-40_PACKAGING_AND_PACKAGING_WASTE_REGULATION: 7 条 / 32000 字符 ← eu/raw/EU-2025-40_Packaging_and_Packaging_Waste_Regulation.xhtml (html, 452161 chars)（截断）
  [ok] EU-765-2008: 17 条 / 32000 字符 ← eu/raw/EU-765-2008_Accreditation_and_Market_Surveillance.xhtml (html, 78295 chars)（截断）
  [ok] EU-768-2008: 11 条 / 32000 字符 ← eu/raw/EU-768-2008_Common_Framework_for_Marketing_of_Products.xhtml (html, 180800 chars)（截断）
  [ok] EU-85-374: 18 条 / 19008 字符 ← eu/raw/PLD_85-374-EEC_产品责任指令.pdf (pdf, 19008 chars)
  [ok] EU-BLUE-GUIDE-2022: 7 条 / 32000 字符 ← eu/raw/Blue_Guide_2022_欧盟产品规则实施指南.pdf (pdf, 623565 chars)（截断）
  [no-articles] FR-FR_SERVICE-PUBLIC_: no usable raw
  [no-articles] GCC-GCC_GSO_-_GSO-ORG-SA: no usable raw
  [no-articles] GCC-GMARK: no usable raw
  [ok] GLOBAL-ETSI_EN_30022001_V03-01-01_60: 3 条 / 32000 字符 ← global/raw/ETSI_EN_30022001_v03.01.01_60.pdf (pdf, 191227 chars)（截断）
  [ok] GLOBAL-ETSI_EN_30022002_V03-03-01_60: 5 条 / 32000 字符 ← global/raw/ETSI_EN_30022002_v03.03.01_60.pdf (pdf, 269734 chars)（截断）
  [ok] GLOBAL-ETSI_EN_300296_V02-01-01_60: 3 条 / 28232 字符 ← global/raw/ETSI_EN_300296_v02.01.01_60.pdf (pdf, 155040 chars)
  [ok] GLOBAL-ETSI_EN_300328_V02-02-02_60: 3 条 / 32000 字符 ← global/raw/ETSI_EN_300328_v02.02.02_60.pdf (pdf, 266681 chars)（截断）
  [ok] GLOBAL-ETSI_EN_30033001_V01-08-01_60: 4 条 / 32000 字符 ← global/raw/ETSI_EN_30033001_v01.08.01_60.pdf (pdf, 168813 chars)（截断）
  [ok] GLOBAL-ETSI_EN_30033002_V01-06-01_60: 3 条 / 21747 字符 ← global/raw/ETSI_EN_30033002_v01.06.01_60.pdf (pdf, 29554 chars)
  [ok] GLOBAL-ETSI_EN_300338_V01-02-01_60: 9 条 / 32000 字符 ← global/raw/ETSI_EN_300338_v01.02.01_60.pdf (pdf, 168727 chars)（截断）
  [ok] GLOBAL-ETSI_EN_300386_V03-02-01_60: 3 条 / 32000 字符 ← global/raw/ETSI_EN_300386_v03.02.01_60.pdf (pdf, 158993 chars)（截断）
  [ok] GLOBAL-ETSI_EN_30044001_V01-06-01_60: 3 条 / 32000 字符 ← global/raw/ETSI_EN_30044001_v01.06.01_60.pdf (pdf, 171580 chars)（截断）
  [ok] GLOBAL-ETSI_EN_30044002_V03-01-01_60: 3 条 / 25590 字符 ← global/raw/ETSI_EN_30044002_v03.01.01_60.pdf (pdf, 63043 chars)
  [ok] GLOBAL-ETSI_EN_300674_V01-01-01_60: 4 条 / 32000 字符 ← global/raw/ETSI_EN_300674_v01.01.01_60.pdf (pdf, 151306 chars)（截断）
  [ok] GLOBAL-ETSI_EN_300698_V02-03-01_60: 3 条 / 28040 字符 ← global/raw/ETSI_EN_300698_v02.03.01_60.pdf (pdf, 135269 chars)
  [ok] GLOBAL-ETSI_EN_30076101_V01-02-01_60: 3 条 / 19376 字符 ← global/raw/ETSI_EN_30076101_v01.02.01_60.pdf (pdf, 130991 chars)
  [ok] GLOBAL-ETSI_EN_30076102_V01-01-01_60: 6 条 / 22174 字符 ← global/raw/ETSI_EN_30076102_v01.01.01_60.pdf (pdf, 22174 chars)
  [ok] GLOBAL-ETSI_EN_300_220_: 4 条 / 32000 字符 ← global/raw/ETSI_EN_300_220_短距离设备.pdf (pdf, 67107 chars)（截断）
  [ok] GLOBAL-ETSI_EN_300_328_: 3 条 / 32000 字符 ← global/raw/ETSI_EN_300_328_宽带传输设备.pdf (pdf, 266681 chars)（截断）
  [ok] GLOBAL-ETSI_EN_30148901_V02-02-03_60: 3 条 / 28838 字符 ← global/raw/ETSI_EN_30148901_v02.02.03_60.pdf (pdf, 94735 chars)
  [ok] GLOBAL-ETSI_EN_30148902_V02-01-01_60: 3 条 / 23758 字符 ← global/raw/ETSI_EN_30148902_v02.01.01_60.pdf (pdf, 46766 chars)
  [ok] GLOBAL-ETSI_EN_30148903_V02-03-02_60: 9 条 / 32000 字符 ← global/raw/ETSI_EN_30148903_v02.03.02_60.pdf (pdf, 49139 chars)（截断）
  [ok] GLOBAL-ETSI_EN_30148917_V03-03-01_60: 9 条 / 32000 字符 ← global/raw/ETSI_EN_30148917_v03.03.01_60.pdf (pdf, 46493 chars)（截断）
  [ok] GLOBAL-ETSI_EN_30148919_V02-02-01_60: 3 条 / 22743 字符 ← global/raw/ETSI_EN_30148919_v02.02.01_60.pdf (pdf, 39679 chars)
  [ok] GLOBAL-ETSI_EN_30148920_V02-02-01_60: 3 条 / 23732 字符 ← global/raw/ETSI_EN_30148920_v02.02.01_60.pdf (pdf, 46523 chars)
  [ok] GLOBAL-ETSI_EN_30148922_V02-01-01_60: 3 条 / 24476 字符 ← global/raw/ETSI_EN_30148922_v02.01.01_60.pdf (pdf, 48883 chars)
  [ok] GLOBAL-ETSI_EN_30148924_V01-05-01_60: 3 条 / 29229 字符 ← global/raw/ETSI_EN_30148924_v01.05.01_60.pdf (pdf, 52190 chars)
  [ok] GLOBAL-ETSI_EN_30148926_V02-03-02_60: 3 条 / 28690 字符 ← global/raw/ETSI_EN_30148926_v02.03.02_60.pdf (pdf, 39674 chars)
  [ok] GLOBAL-ETSI_EN_30148927_V02-02-01_60: 3 条 / 27352 字符 ← global/raw/ETSI_EN_30148927_v02.02.01_60.pdf (pdf, 59872 chars)
  [ok] GLOBAL-ETSI_EN_301511_V12-05-01_60: 3 条 / 32000 字符 ← global/raw/ETSI_EN_301511_v12.05.01_60.pdf (pdf, 67356 chars)（截断）
  [ok] GLOBAL-ETSI_EN_301549_V04-01-01_60: 3 条 / 32000 字符 ← global/raw/ETSI_EN_301549_v04.01.01_60.pdf (pdf, 628586 chars)（截断）
  [ok] GLOBAL-ETSI_EN_301559_V02-01-01_60: 4 条 / 30673 字符 ← global/raw/ETSI_EN_301559_v02.01.01_60.pdf (pdf, 179412 chars)
  [ok] GLOBAL-ETSI_EN_301893_V02-02-01_60: 3 条 / 32000 字符 ← global/raw/ETSI_EN_301893_v02.02.01_60.pdf (pdf, 399889 chars)（截断）
  [ok] GLOBAL-ETSI_EN_30190801_V15-02-01_60: 3 条 / 32000 字符 ← global/raw/ETSI_EN_30190801_v15.02.01_60.pdf (pdf, 78226 chars)（截断）
  [ok] GLOBAL-ETSI_EN_30190802_V13-01-01_60: 3 条 / 28142 字符 ← global/raw/ETSI_EN_30190802_v13.01.01_60.pdf (pdf, 166024 chars)
  [ok] GLOBAL-ETSI_EN_30190813_V13-04-01_60: 3 条 / 32000 字符 ← global/raw/ETSI_EN_30190813_v13.04.01_60.pdf (pdf, 456096 chars)（截断）
  [ok] GLOBAL-ETSI_EN_30190820_V06-03-01_60: 3 条 / 25154 字符 ← global/raw/ETSI_EN_30190820_v06.03.01_60.pdf (pdf, 90289 chars)
  [ok] GLOBAL-ETSI_EN_301_489-1_EMC_: 3 条 / 28838 字符 ← global/raw/ETSI_EN_301_489-1_EMC_通用要求.pdf (pdf, 94735 chars)
  [ok] GLOBAL-ETSI_EN_301_489-3_EMC_: 3 条 / 23140 字符 ← global/raw/ETSI_EN_301_489-3_EMC_短距离设备.pdf (pdf, 37100 chars)
  [ok] GLOBAL-ETSI_EN_301_893_5GHZ_RLAN: 4 条 / 32000 字符 ← global/raw/ETSI_EN_301_893_5GHz_RLAN.pdf (pdf, 309384 chars)（截断）
  [ok] GLOBAL-ETSI_EN_301_908_: 3 条 / 30729 字符 ← global/raw/ETSI_EN_301_908_蜂窝基站.pdf (pdf, 64270 chars)
  [ok] GLOBAL-ETSI_EN_302406_V08-00-01_60: 9 条 / 32000 字符 ← global/raw/ETSI_EN_302406_v08.00.01_60.pdf (pdf, 227508 chars)（截断）
  [ok] GLOBAL-ETSI_EN_302567_V02-02-01_60: 4 条 / 32000 字符 ← global/raw/ETSI_EN_302567_v02.02.01_60.pdf (pdf, 97138 chars)（截断）
  [ok] GLOBAL-ETSI_EN_303345_V01-01-07_30: 4 条 / 26320 字符 ← global/raw/ETSI_EN_303345_v01.01.07_30.pdf (pdf, 54030 chars)
  [ok] GLOBAL-ETSI_EN_303417_V01-01-01_60: 4 条 / 25366 字符 ← global/raw/ETSI_EN_303417_v01.01.01_60.pdf (pdf, 74859 chars)
  [ok] GLOBAL-ETSI_EN_303645_V03-01-03_60: 3 条 / 21073 字符 ← global/raw/ETSI_EN_303645_v03.01.03_60.pdf (pdf, 119298 chars)
  [ok] GLOBAL-ETSI_EN_303687_V01-01-01_60: 3 条 / 32000 字符 ← global/raw/ETSI_EN_303687_v01.01.01_60.pdf (pdf, 256395 chars)（截断）
  [ok] GLOBAL-ETSI_EN_303980_V01-03-01_60: 5 条 / 32000 字符 ← global/raw/ETSI_EN_303980_v01.03.01_60.pdf (pdf, 197226 chars)（截断）
  [ok] GLOBAL-ETSI_EN_303_645_: 9 条 / 32000 字符 ← global/raw/ETSI_EN_303_645_消费物联网网络安全.pdf (pdf, 93124 chars)（截断）
  [ok] GLOBAL-IEC-62368-1-REF: 6 条 / 32000 字符 ← global/raw/8 5710ecb863a33.pdf (pdf, 495087 chars)（截断）
  [ok] GLOBAL-INTL_BASEL_CONVENTION_: 2 条 / 6639 字符 ← global/raw/INTL_Basel_Convention_巴塞尔公约.html (html, 6639 chars)
  [ok] GLOBAL-INTL_CEN-CENELEC_: 2 条 / 5659 字符 ← global/raw/INTL_CEN-CENELEC_欧洲标准化.html (html, 5659 chars)
  [ok] GLOBAL-INTL_CODEX_-2: 5 条 / 16763 字符 ← global/raw/INTL_Codex_商品标准列表.html (html, 16763 chars)
  [ok] GLOBAL-INTL_CODEX_-3: 2 条 / 6428 字符 ← global/raw/INTL_Codex_操作规范列表.html (html, 6428 chars)
  [ok] GLOBAL-INTL_CODEX_-_FAO_WHO: 5 条 / 16763 字符 ← global/raw/INTL_Codex_食品接触材料通用标准_FAO_WHO.html (html, 16763 chars)
  [no-articles] GLOBAL-INTL_CODEX_: no usable raw
  [no-articles] GLOBAL-INTL_ETSI_-2: no usable raw
  [ok] GLOBAL-INTL_ETSI_: 3 条 / 9710 字符 ← global/raw/INTL_ETSI_标准与服务.html (html, 9710 chars)
  [ok] GLOBAL-INTL_FAO_: 3 条 / 11071 字符 ← global/raw/INTL_FAO_联合国粮农组织.html (html, 11071 chars)
  [no-articles] GLOBAL-INTL_ICC_: no usable raw
  [no-articles] GLOBAL-INTL_ILO_: no usable raw
  [no-articles] GLOBAL-INTL_ITU_: no usable raw
  [no-articles] GLOBAL-INTL_MONTREAL_PROTOCOL_: no usable raw
  [no-articles] GLOBAL-INTL_NIST_: no usable raw
  [ok] GLOBAL-INTL_ROTTERDAM_CONVENTION_: 4 条 / 5917 字符 ← global/raw/INTL_Rotterdam_Convention_鹿特丹公约.html (html, 5917 chars)
  [ok] GLOBAL-INTL_STOCKHOLM_CONVENTION_: 2 条 / 6141 字符 ← global/raw/INTL_Stockholm_Convention_斯德哥尔摩公约.html (html, 6141 chars)
  [ok] GLOBAL-INTL_UN_TREATY_COLLECTION_: 3 条 / 16214 字符 ← global/raw/INTL_UN_Treaty_Collection_条约集.html (html, 16214 chars)
  [no-articles] GLOBAL-INTL_UPU_: no usable raw
  [ok] GLOBAL-INTL_WCO_: 3 条 / 8477 字符 ← global/raw/INTL_WCO_世界海关组织.html (html, 8477 chars)
  [no-articles] GLOBAL-INTL_WHO_: no usable raw
  [ok] GLOBAL-INTL_WIPO_: 2 条 / 7319 字符 ← global/raw/INTL_WIPO_条约与文本.html (html, 7319 chars)
  [no-articles] GLOBAL-INTL_WIPO_MADRID_: no usable raw
  [ok] GLOBAL-INTL_WIPO_MADRID_AGREEMENT_AND_PROTOCOL_PUB_292: 15 条 / 28515 字符 ← global/raw/INTL_WIPO_Madrid_Agreement_and_Protocol_pub_292.pdf (pdf, 28515 chars)
  [ok] GLOBAL-INTL_WIPO_PCT_: 2 条 / 5807 字符 ← global/raw/INTL_WIPO_PCT_专利合作条约.html (html, 5807 chars)
  [ok] GLOBAL-INTL_WORLD_BANK_: 3 条 / 8861 字符 ← global/raw/INTL_World_Bank_世界银行.html (html, 8861 chars)
  [ok] GLOBAL-UL-62368-1: 9 条 / 32000 字符 ← global/raw/1 PRVV0001-R1_UL 62368-1 2019.pdf (pdf, 110048 chars)（截断）
  [ok] GLOBAL-WIPO-MADRID: 9 条 / 32000 字符 ← global/raw/《马德里协定与议定书》（WIPO商标国际注册条约详情）.html (html, 66183 chars)（截断）
  [ok] GLOBAL-WIPO-PCT: 9 条 / 28865 字符 ← global/raw/《专利合作条约》（PCT）中文版（WIPO知识产权库）.pdf (pdf, 142142 chars)
  [no-articles] ID-ID_-_UU_8_1999_JDIH: no usable raw
  [no-articles] ID-ID_JDIH_-_JDIH-SETNEG-GO-ID: no usable raw
  [no-articles] ID-ID_JDIH_: no usable raw
  [ok] ID-LABOR-13-2003: 58 条 / 32000 字符 ← id/raw/印尼《2003年第13号人力法》.pdf (pdf, 157285 chars)（截断）
  [ok] ID-LAW-5-1999: 50 条 / 32000 字符 ← id/raw/印尼《关于禁止垄断实践和不公平商业竞争的第5号法律》（1999）.pdf (pdf, 36824 chars)（截断）
  [ok] ID-OMNIBUS-6-2023: 8 条 / 12624 字符 ← id/raw/印尼《创造就业法》（Omnibus Law No 6 of 2023，DS Avocats解读）.pdf (pdf, 12624 chars)
  [ok] ID-PDP-LAW-27-2022: 6 条 / 22124 字符 ← id/raw/印尼《个人数据保护法》（PDP Law No 27 of 2022）解读.html (html, 22124 chars)
  [ok] IN-IN_BIS_: 6 条 / 23234 字符 ← in/raw/IN_BIS_强制注册计划公告.html (html, 23234 chars)
  [ok] IN-IN_BIS_CRS_-_BIS-GOV-IN: 6 条 / 23234 字符 ← in/raw/IN_BIS_CRS_强制注册计划_bis.gov.in.html (html, 23234 chars)
  [no-articles] IN-IN_DPDP_ACT_2023_MEITY: no usable raw
  [ok] IT-IT_-_GAZZETTA_UFFICIALE: 2 条 / 5381 字符 ← it/raw/IT_官方公报_Gazzetta_Ufficiale.html (html, 5381 chars)
  [no-articles] IT-IT_-_NORMATTIVA: no usable raw
  [no-articles] IT-IT_NORMATTIVA_: no usable raw
  [ok] JP-APPI_ACT_ON_THE_PROTECTION_OF_PERSONAL_INFORMATION: 60 条 / 24759 字符 ← jp/raw/JP-APPI_Act_on_the_Protection_of_Personal_Information.xml (xml, 92003 chars)（截断）
  [ok] JP-COMMERCE_ACT_ON_SPECIFIED_COMMERCIAL_TRANSACTIONS: 52 条 / 32000 字符 ← jp/raw/JP-COMMERCE_Act_on_Specified_Commercial_Transactions.xml (xml, 126097 chars)（截断）
  [ok] JP-CONSUMER-CONTRACT_CONSUMER_CONTRACT_ACT: 60 条 / 28881 字符 ← jp/raw/JP-CONSUMER-CONTRACT_Consumer_Contract_Act.xml (xml, 39050 chars)（截断）
  [ok] JP-DENANHO_ELECTRICAL_APPLIANCE_AND_MATERIAL_SAFETY_ACT: 60 条 / 19489 字符 ← jp/raw/JP-DENANHO_Electrical_Appliance_and_Material_Safety_Act.xml (xml, 36359 chars)（截断）
  [ok] JP-HOUSEHOLD-GOODS_HOUSEHOLD_GOODS_QUALITY_LABELLING_ACT: 42 条 / 12532 字符 ← jp/raw/JP-HOUSEHOLD-GOODS_Household_Goods_Quality_Labelling_Act.xml (xml, 12532 chars)
  [no-articles] JP-JP_-_-_CUSTOMS-GO-JP: no usable raw
  [no-articles] JP-JP_-_CAA_CAA-GO-JP: no usable raw
  [no-articles] JP-JP_-_MHLW-GO-JP: no usable raw
  [no-articles] JP-JP_E-GOV_: no usable raw
  [ok] JP-KEIHYO_ACT_AGAINST_UNJUSTIFIABLE_PREMIUMS_AND_MISLEADING_: 60 条 / 23669 字符 ← jp/raw/JP-KEIHYO_Act_against_Unjustifiable_Premiums_and_Misleading_Representations.xml (xml, 30720 chars)（截断）
  [ok] JP-PHARMACEUTICAL_PHARMACEUTICAL_AND_MEDICAL_DEVICE_ACT: 55 条 / 32000 字符 ← jp/raw/JP-PHARMACEUTICAL_Pharmaceutical_and_Medical_Device_Act.xml (xml, 292158 chars)（截断）
  [ok] JP-PRODUCT-SAFETY_CONSUMER_PRODUCT_SAFETY_ACT: 26 条 / 14637 字符 ← jp/raw/JP-PRODUCT-SAFETY_Consumer_Product_Safety_Act.xml (xml, 14637 chars)
  [ok] KR-KLRI-ELAW: 2 条 / 7808 字符 ← kr/raw/KR_国家法令信息中心_英文_KLRI.html (html, 7808 chars)
  [no-articles] KR-KR_-_LAW-GO-KR: no usable raw
  [no-articles] MX-MX_NOM_-_GOB-MX: no usable raw
  [ok] MY-CROSS-BORDER-2025: 2 条 / 5879 字符 ← my/raw/马来西亚2025年新跨境数据传输指南说明.html (html, 5879 chars)
  [no-articles] MY-MY_-_1999_AGC: no usable raw
  [no-articles] MY-MY_-_AGC: no usable raw
  [no-articles] MY-MY_-_STANDARDS_MALAYSIA: no usable raw
  [no-articles] MY-MY_AGC_: no usable raw
  [no-articles] MY-MY_PDPA_2010_ACT_709_PDP-GOV-MY: no usable raw
  [no-articles] NZ-NZ_CHILDREN_S_TOYS_PRODUCT_SAFETY_STANDARD: no usable raw
  [ok] NZ-NZ_CONSUMER_GUARANTEES_ACT_1993_LEGISLATION-GOVT-NZ: 16 条 / 32000 字符 ← nz/raw/NZ_Consumer_Guarantees_Act_1993_legislation.govt.nz.html (html, 90103 chars)（截断）
  [ok] NZ-NZ_FAIR_TRADING_ACT_1986_LEGISLATION-GOVT-NZ: 4 条 / 32000 字符 ← nz/raw/NZ_Fair_Trading_Act_1986_legislation.govt.nz.html (html, 304880 chars)（截断）
  [no-articles] NZ-NZ_HOUSEHOLD_COTS_PRODUCT_SAFETY_STANDARD: no usable raw
  [no-articles] NZ-NZ_LEGISLATION-GOVT-NZ: no usable raw
  [ok] SA-PDPL: 5 条 / 18752 字符 ← sa/raw/沙特《个人数据保护法》（PDPL，Royal Decree M_19_2021）英文分析.pdf (pdf, 18752 chars)
  [ok] SA-SABER-SASO: 4 条 / 13343 字符 ← sa/raw/沙特Saber_SASO电子认证系统说明（QIMA指南）.html (html, 13343 chars)
  [ok] SA-SA_SASO_-_SASO-GOV-SA: 2 条 / 7107 字符 ← sa/raw/SA_SASO_技术法规_saso.gov.sa.html (html, 7107 chars)
  [ok] SA-SA_SDAIA_-_SDAIA-GOV-SA: 5 条 / 15806 字符 ← sa/raw/SA_SDAIA_个人数据保护法_sdaia.gov.sa.html (html, 15806 chars)
  [ok] SA-SFDA-MEDICAL-DEVICE: 3 条 / 9005 字符 ← sa/raw/沙特SFDA医疗器械监管要求说明（ITA指南）.html (html, 9005 chars)
  [ok] SG-PDPA-2012: 4 条 / 13389 字符 ← sg/raw/新加坡《个人数据保护法》（PDPA 2024修订，Freshfields解读）.html (html, 13389 chars)
  [ok] SG-PDPA_2012_PERSONAL_DATA_PROTECTION_ACT_SSO: 6 条 / 21537 字符 ← sg/raw/SG-PDPA_2012_Personal_Data_Protection_Act_SSO.html (html, 21537 chars)
  [ok] SG-PSA-2019: 8 条 / 28307 字符 ← sg/raw/新加坡《支付服务法》（PSA 2019）.html (html, 28307 chars)
  [ok] SG-PSA_2019_PAYMENT_SERVICES_ACT_SSO: 9 条 / 32000 字符 ← sg/raw/SG-PSA_2019_Payment_Services_Act_SSO.html (html, 34394 chars)（截断）
  [ok] SG-SG_CONSUMER_PROTECTION_FAIR_TRADING_ACT_SSO: 4 条 / 14431 字符 ← sg/raw/SG_Consumer_Protection_Fair_Trading_Act_SSO.html (html, 14431 chars)
  [ok] SG-SG_ENTERPRISE_SINGAPORE_: 3 条 / 9379 字符 ← sg/raw/SG_Enterprise_Singapore_标准与认证.html (html, 9379 chars)
  [no-articles] SG-SG_HSA_: no usable raw
  [ok] SG-SG_SALE_OF_GOODS_ACT_SSO: 2 条 / 6951 字符 ← sg/raw/SG_Sale_of_Goods_Act_SSO.html (html, 6951 chars)
  [no-articles] SG-SG_SSO_: no usable raw
  [no-articles] TH-PDPA-2019: no usable raw
  [no-articles] TH-TH_-_OCPB: no usable raw
  [no-articles] TH-TH_PDPA_2019_-_MDES-GO-TH: no usable raw
  [no-articles] TH-TH_TISI_: no usable raw
  [ok] UK-NSI-ACT-2021: 5 条 / 17075 字符 ← uk/raw/英国《国家安全与投资法》（NSI Act 2021）全文.html (html, 17075 chars)
  [ok] UK-Packaging-EPR: 1 条 / 12000 字符 ← uk/raw/UK-Packaging-EPR.html (html, 15078 chars)
  [ok] UK-REACH: 1 条 / 12000 字符 ← uk/raw/UK-REACH.html (html, 12683 chars)
  [ok] UK-SVHC: 1 条 / 8940 字符 ← uk/raw/UK-SVHC.html (html, 8940 chars)
  [ok] UK-UKCA_-_GOV-UK: 8 条 / 27413 字符 ← uk/raw/UK-UKCA_通用准入要求_gov.uk.html (html, 27413 chars)
  [ok] UK-WEEE: 1 条 / 12000 字符 ← uk/raw/UK-WEEE.html (html, 14588 chars)
  [ok] UN-INTL_CODEX_ALIMENTARIUS_STANDARDS_LIST_FAO_WHO: 5 条 / 16763 字符 ← un/raw/INTL_Codex_Alimentarius_standards_list_FAO_WHO.html (html, 16763 chars)
  [ok] UN-INTL_WIPO_LEX_: 3 条 / 9300 字符 ← un/raw/INTL_WIPO_Lex_知识产权法规数据库.html (html, 9300 chars)
  [no-articles] UN-INTL_WTO_LEGAL_TEXTS: no usable raw
  [ok] UN-INTL_WTO_SPS_AGREEMENT: 15 条 / 32000 字符 ← un/raw/INTL_WTO_SPS_Agreement.pdf (pdf, 36677 chars)（截断）
  [no-articles] UN-INTL_WTO_TBT_AGREEMENT: no usable raw
  [ok] UN-R155: 8 条 / 32000 字符 ← un/raw/联合国《UN R155车辆网络安全管理体系法规》（UNECE WP29 Certivo解读）.html (html, 38552 chars)（截断）
  [ok] UN-R156: 2 条 / 6386 字符 ← un/raw/联合国《UN R156软件升级管理体系法规》（UN R155_R156 合规指南）.html (html, 6386 chars)
  [ok] US-CA-AB2273_ADCA: 3 条 / 18834 字符 ← us/raw/US-CA-AB2273_ADCA.html (html, 29471 chars)
  [ok] US-CA-ADCA: 3 条 / 18850 字符 ← us/raw/加州《适龄设计规范法案》（ADCA，AB 2273）官方解读.html (html, 29487 chars)
  [no-articles] US-CA-PROP65_OEHHA: no usable raw
  [ok] US-CA-SB1223: 5 条 / 27811 字符 ← us/raw/US-CA-SB1223.html (html, 67366 chars)
  [ok] US-CFR-TITLE16-PART1101-2: 18 条 / 32000 字符 ← us/raw/US-CFR-title16-part1101.pdf (pdf, 57847 chars)（截断）
  [ok] US-CFR-TITLE16-PART1101-3: 25 条 / 32000 字符 ← us/raw/US-CFR-title16-part1101.xml (xml, 53170 chars)（截断）
  [ok] US-CFR-TITLE16-PART1101-4: 18 条 / 32000 字符 ← us/raw/US-CFR-title16-part1101.pdf (pdf, 57847 chars)（截断）
  [ok] US-CFR-TITLE16-PART1101: 25 条 / 32000 字符 ← us/raw/US-CFR-title16-part1101.xml (xml, 53170 chars)（截断）
  [ok] US-CFR-TITLE16-PART1102-2: 12 条 / 32000 字符 ← us/raw/US-CFR-title16-part1102.pdf (pdf, 45411 chars)（截断）
  [ok] US-CFR-TITLE16-PART1102-3: 11 条 / 32000 字符 ← us/raw/US-CFR-title16-part1102.xml (xml, 37723 chars)（截断）
  [ok] US-CFR-TITLE16-PART1102-4: 12 条 / 32000 字符 ← us/raw/US-CFR-title16-part1102.pdf (pdf, 45411 chars)（截断）
  [ok] US-CFR-TITLE16-PART1102: 11 条 / 32000 字符 ← us/raw/US-CFR-title16-part1102.xml (xml, 37723 chars)（截断）
  [ok] US-CFR-TITLE16-PART1112-2: 11 条 / 32000 字符 ← us/raw/US-CFR-title16-part1112.pdf (pdf, 87300 chars)（截断）
  [ok] US-CFR-TITLE16-PART1112-3: 6 条 / 32000 字符 ← us/raw/US-CFR-title16-part1112.xml (xml, 78544 chars)（截断）
  [ok] US-CFR-TITLE16-PART1112-4: 11 条 / 32000 字符 ← us/raw/US-CFR-title16-part1112.pdf (pdf, 87300 chars)（截断）
  [ok] US-CFR-TITLE16-PART1112: 6 条 / 32000 字符 ← us/raw/US-CFR-title16-part1112.xml (xml, 78544 chars)（截断）
  [ok] US-CFR-TITLE16-PART1115-2: 21 条 / 32000 字符 ← us/raw/US-CFR-title16-part1115.pdf (pdf, 91792 chars)（截断）
  [ok] US-CFR-TITLE16-PART1115-3: 12 条 / 32000 字符 ← us/raw/US-CFR-title16-part1115.xml (xml, 82452 chars)（截断）
  [ok] US-CFR-TITLE16-PART1115-4: 21 条 / 32000 字符 ← us/raw/US-CFR-title16-part1115.pdf (pdf, 91792 chars)（截断）
  [ok] US-CFR-TITLE16-PART1115: 12 条 / 32000 字符 ← us/raw/US-CFR-title16-part1115.xml (xml, 82452 chars)（截断）
  [ok] US-CFR-TITLE16-PART1116-2: 14 条 / 32000 字符 ← us/raw/US-CFR-title16-part1116.pdf (pdf, 39802 chars)（截断）
  [ok] US-CFR-TITLE16-PART1116-3: 12 条 / 32000 字符 ← us/raw/US-CFR-title16-part1116.xml (xml, 34482 chars)（截断）
  [ok] US-CFR-TITLE16-PART1116-4: 14 条 / 32000 字符 ← us/raw/US-CFR-title16-part1116.pdf (pdf, 39802 chars)（截断）
  [ok] US-CFR-TITLE16-PART1116: 12 条 / 32000 字符 ← us/raw/US-CFR-title16-part1116.xml (xml, 34482 chars)（截断）
  [ok] US-CFR-TITLE16-PART1118-2: 19 条 / 32000 字符 ← us/raw/US-CFR-title16-part1118.pdf (pdf, 34215 chars)（截断）
  [ok] US-CFR-TITLE16-PART1118-3: 13 条 / 28468 字符 ← us/raw/US-CFR-title16-part1118.xml (xml, 28468 chars)
  [ok] US-CFR-TITLE16-PART1118-4: 19 条 / 32000 字符 ← us/raw/US-CFR-title16-part1118.pdf (pdf, 34215 chars)（截断）
  [ok] US-CFR-TITLE16-PART1118: 13 条 / 28468 字符 ← us/raw/US-CFR-title16-part1118.xml (xml, 28468 chars)
  [ok] US-CFR-TITLE16-PART1200-2: 5 条 / 25020 字符 ← us/raw/US-CFR-title16-part1200.pdf (pdf, 26445 chars)
  [ok] US-CFR-TITLE16-PART1200-3: 3 条 / 12702 字符 ← us/raw/US-CFR-title16-part1200.xml (xml, 20989 chars)
  [ok] US-CFR-TITLE16-PART1200-4: 5 条 / 25020 字符 ← us/raw/US-CFR-title16-part1200.pdf (pdf, 26445 chars)
  [ok] US-CFR-TITLE16-PART1200: 3 条 / 12702 字符 ← us/raw/US-CFR-title16-part1200.xml (xml, 20989 chars)
  [ok] US-CFR-TITLE16-PART1201-2: 6 条 / 32000 字符 ← us/raw/US-CFR-title16-part1201.pdf (pdf, 48315 chars)（截断）
  [ok] US-CFR-TITLE16-PART1201-3: 9 条 / 32000 字符 ← us/raw/US-CFR-title16-part1201.xml (xml, 41849 chars)（截断）
  [ok] US-CFR-TITLE16-PART1201-4: 6 条 / 32000 字符 ← us/raw/US-CFR-title16-part1201.pdf (pdf, 48315 chars)（截断）
  [ok] US-CFR-TITLE16-PART1201: 9 条 / 32000 字符 ← us/raw/US-CFR-title16-part1201.xml (xml, 41849 chars)（截断）
  [ok] US-CFR-TITLE16-PART1203-2: 21 条 / 32000 字符 ← us/raw/US-CFR-title16-part1203.pdf (pdf, 57550 chars)（截断）
  [ok] US-CFR-TITLE16-PART1203-3: 21 条 / 32000 字符 ← us/raw/US-CFR-title16-part1203.xml (xml, 48545 chars)（截断）
  [ok] US-CFR-TITLE16-PART1203-4: 21 条 / 32000 字符 ← us/raw/US-CFR-title16-part1203.pdf (pdf, 57550 chars)（截断）
  [ok] US-CFR-TITLE16-PART1203: 21 条 / 32000 字符 ← us/raw/US-CFR-title16-part1203.xml (xml, 48545 chars)（截断）
  [ok] US-CFR-TITLE16-PART1205-2: 10 条 / 32000 字符 ← us/raw/US-CFR-title16-part1205.pdf (pdf, 50416 chars)（截断）
  [ok] US-CFR-TITLE16-PART1205-3: 11 条 / 32000 字符 ← us/raw/US-CFR-title16-part1205.xml (xml, 45141 chars)（截断）
  [ok] US-CFR-TITLE16-PART1205-4: 10 条 / 32000 字符 ← us/raw/US-CFR-title16-part1205.pdf (pdf, 50416 chars)（截断）
  [ok] US-CFR-TITLE16-PART1205: 11 条 / 32000 字符 ← us/raw/US-CFR-title16-part1205.xml (xml, 45141 chars)（截断）
  [ok] US-CFR-TITLE16-PART1207-2: 12 条 / 32000 字符 ← us/raw/US-CFR-title16-part1207.pdf (pdf, 41888 chars)（截断）
  [ok] US-CFR-TITLE16-PART1207-3: 10 条 / 27448 字符 ← us/raw/US-CFR-title16-part1207.xml (xml, 34560 chars)
  [ok] US-CFR-TITLE16-PART1207-4: 12 条 / 32000 字符 ← us/raw/US-CFR-title16-part1207.pdf (pdf, 41888 chars)（截断）
  [ok] US-CFR-TITLE16-PART1207: 10 条 / 27448 字符 ← us/raw/US-CFR-title16-part1207.xml (xml, 34560 chars)
  [ok] US-CFR-TITLE16-PART1209-2: 11 条 / 32000 字符 ← us/raw/US-CFR-title16-part1209.pdf (pdf, 81118 chars)（截断）
  [ok] US-CFR-TITLE16-PART1209-3: 7 条 / 32000 字符 ← us/raw/US-CFR-title16-part1209.xml (xml, 69808 chars)（截断）
  [ok] US-CFR-TITLE16-PART1209-4: 11 条 / 32000 字符 ← us/raw/US-CFR-title16-part1209.pdf (pdf, 81118 chars)（截断）
  [ok] US-CFR-TITLE16-PART1209: 7 条 / 32000 字符 ← us/raw/US-CFR-title16-part1209.xml (xml, 69808 chars)（截断）
  [ok] US-CFR-TITLE16-PART1210-2: 9 条 / 32000 字符 ← us/raw/US-CFR-title16-part1210.pdf (pdf, 61982 chars)（截断）
  [ok] US-CFR-TITLE16-PART1210-3: 9 条 / 32000 字符 ← us/raw/US-CFR-title16-part1210.xml (xml, 56856 chars)（截断）
  [ok] US-CFR-TITLE16-PART1210-4: 9 条 / 32000 字符 ← us/raw/US-CFR-title16-part1210.pdf (pdf, 61982 chars)（截断）
  [ok] US-CFR-TITLE16-PART1210: 9 条 / 32000 字符 ← us/raw/US-CFR-title16-part1210.xml (xml, 56856 chars)（截断）
  [ok] US-CFR-TITLE16-PART1211-2: 11 条 / 32000 字符 ← us/raw/US-CFR-title16-part1211.pdf (pdf, 123139 chars)（截断）
  [ok] US-CFR-TITLE16-PART1211-3: 11 条 / 32000 字符 ← us/raw/US-CFR-title16-part1211.xml (xml, 109662 chars)（截断）
  [ok] US-CFR-TITLE16-PART1211-4: 11 条 / 32000 字符 ← us/raw/US-CFR-title16-part1211.pdf (pdf, 123139 chars)（截断）
  [ok] US-CFR-TITLE16-PART1211: 11 条 / 32000 字符 ← us/raw/US-CFR-title16-part1211.xml (xml, 109662 chars)（截断）
  [ok] US-CFR-TITLE16-PART1213-2: 10 条 / 22824 字符 ← us/raw/US-CFR-title16-part1213.pdf (pdf, 31345 chars)
  [ok] US-CFR-TITLE16-PART1213-3: 8 条 / 22260 字符 ← us/raw/US-CFR-title16-part1213.xml (xml, 27759 chars)
  [ok] US-CFR-TITLE16-PART1213-4: 10 条 / 22824 字符 ← us/raw/US-CFR-title16-part1213.pdf (pdf, 31345 chars)
  [ok] US-CFR-TITLE16-PART1213: 8 条 / 22260 字符 ← us/raw/US-CFR-title16-part1213.xml (xml, 27759 chars)
  [ok] US-CFR-TITLE16-PART1219-2: 3 条 / 8285 字符 ← us/raw/US-CFR-title16-part1219.pdf (pdf, 8285 chars)
  [ok] US-CFR-TITLE16-PART1219-3: 3 条 / 4231 字符 ← us/raw/US-CFR-title16-part1219.xml (xml, 4231 chars)
  [ok] US-CFR-TITLE16-PART1219-4: 3 条 / 8285 字符 ← us/raw/US-CFR-title16-part1219.pdf (pdf, 8285 chars)
  [ok] US-CFR-TITLE16-PART1219: 3 条 / 4231 字符 ← us/raw/US-CFR-title16-part1219.xml (xml, 4231 chars)
  [ok] US-CFR-TITLE16-PART1220-2: 6 条 / 12111 字符 ← us/raw/US-CFR-title16-part1220.pdf (pdf, 12111 chars)
  [ok] US-CFR-TITLE16-PART1220-3: 3 条 / 6207 字符 ← us/raw/US-CFR-title16-part1220.xml (xml, 6207 chars)
  [ok] US-CFR-TITLE16-PART1220-4: 6 条 / 12111 字符 ← us/raw/US-CFR-title16-part1220.pdf (pdf, 12111 chars)
  [ok] US-CFR-TITLE16-PART1220: 3 条 / 6207 字符 ← us/raw/US-CFR-title16-part1220.xml (xml, 6207 chars)
  [ok] US-CFR-TITLE16-PART1221-2: 4 条 / 3606 字符 ← us/raw/US-CFR-title16-part1221.pdf (pdf, 3606 chars)
  [ok] US-CFR-TITLE16-PART1221-3: 3 条 / 2256 字符 ← us/raw/US-CFR-title16-part1221.xml (xml, 2256 chars)
  [ok] US-CFR-TITLE16-PART1221-4: 4 条 / 3606 字符 ← us/raw/US-CFR-title16-part1221.pdf (pdf, 3606 chars)
  [ok] US-CFR-TITLE16-PART1221: 3 条 / 2256 字符 ← us/raw/US-CFR-title16-part1221.xml (xml, 2256 chars)
  [ok] US-CFR-TITLE16-PART1224-2: 6 条 / 7520 字符 ← us/raw/US-CFR-title16-part1224.pdf (pdf, 7520 chars)
  [ok] US-CFR-TITLE16-PART1224-3: 3 条 / 1907 字符 ← us/raw/US-CFR-title16-part1224.xml (xml, 1907 chars)
  [ok] US-CFR-TITLE16-PART1224-4: 6 条 / 7520 字符 ← us/raw/US-CFR-title16-part1224.pdf (pdf, 7520 chars)
  [ok] US-CFR-TITLE16-PART1224: 3 条 / 1907 字符 ← us/raw/US-CFR-title16-part1224.xml (xml, 1907 chars)
  [ok] US-CFR-TITLE16-PART1250-2: 3 条 / 3869 字符 ← us/raw/US-CFR-title16-part1250.pdf (pdf, 3869 chars)
  [ok] US-CFR-TITLE16-PART1250-3: 3 条 / 2714 字符 ← us/raw/US-CFR-title16-part1250.xml (xml, 2714 chars)
  [ok] US-CFR-TITLE16-PART1250-4: 3 条 / 3869 字符 ← us/raw/US-CFR-title16-part1250.pdf (pdf, 3869 chars)
  [ok] US-CFR-TITLE16-PART1250: 3 条 / 2714 字符 ← us/raw/US-CFR-title16-part1250.xml (xml, 2714 chars)
  [ok] US-CFR-TITLE16-PART1263-2: 8 条 / 13351 字符 ← us/raw/US-CFR-title16-part1263.pdf (pdf, 13351 chars)
  [ok] US-CFR-TITLE16-PART1263-3: 7 条 / 9728 字符 ← us/raw/US-CFR-title16-part1263.xml (xml, 9728 chars)
  [ok] US-CFR-TITLE16-PART1263-4: 8 条 / 13351 字符 ← us/raw/US-CFR-title16-part1263.pdf (pdf, 13351 chars)
  [ok] US-CFR-TITLE16-PART1263: 7 条 / 9728 字符 ← us/raw/US-CFR-title16-part1263.xml (xml, 9728 chars)
  [ok] US-CFR-TITLE16-PART1301-2: 12 条 / 19643 字符 ← us/raw/US-CFR-title16-part1301.pdf (pdf, 19643 chars)
  [ok] US-CFR-TITLE16-PART1301-3: 8 条 / 14489 字符 ← us/raw/US-CFR-title16-part1301.xml (xml, 14489 chars)
  [ok] US-CFR-TITLE16-PART1301-4: 12 条 / 19643 字符 ← us/raw/US-CFR-title16-part1301.pdf (pdf, 19643 chars)
  [ok] US-CFR-TITLE16-PART1301: 8 条 / 14489 字符 ← us/raw/US-CFR-title16-part1301.xml (xml, 14489 chars)
  [ok] US-CFR-TITLE16-PART1303-2: 8 条 / 21602 字符 ← us/raw/US-CFR-title16-part1303.pdf (pdf, 21602 chars)
  [ok] US-CFR-TITLE16-PART1303-3: 6 条 / 18224 字符 ← us/raw/US-CFR-title16-part1303.xml (xml, 18224 chars)
  [ok] US-CFR-TITLE16-PART1303-4: 8 条 / 21602 字符 ← us/raw/US-CFR-title16-part1303.pdf (pdf, 21602 chars)
  [ok] US-CFR-TITLE16-PART1303: 6 条 / 18224 字符 ← us/raw/US-CFR-title16-part1303.xml (xml, 18224 chars)
  [ok] US-CFR-TITLE16-PART1304-2: 8 条 / 21758 字符 ← us/raw/US-CFR-title16-part1304.pdf (pdf, 21758 chars)
  [ok] US-CFR-TITLE16-PART1304-3: 6 条 / 14336 字符 ← us/raw/US-CFR-title16-part1304.xml (xml, 14336 chars)
  [ok] US-CFR-TITLE16-PART1304-4: 8 条 / 21758 字符 ← us/raw/US-CFR-title16-part1304.pdf (pdf, 21758 chars)
  [ok] US-CFR-TITLE16-PART1304: 6 条 / 14336 字符 ← us/raw/US-CFR-title16-part1304.xml (xml, 14336 chars)
  [ok] US-CFR-TITLE16-PART1306-2: 10 条 / 12461 字符 ← us/raw/US-CFR-title16-part1306.pdf (pdf, 12461 chars)
  [ok] US-CFR-TITLE16-PART1306-3: 6 条 / 6477 字符 ← us/raw/US-CFR-title16-part1306.xml (xml, 6477 chars)
  [ok] US-CFR-TITLE16-PART1306-4: 10 条 / 12461 字符 ← us/raw/US-CFR-title16-part1306.pdf (pdf, 12461 chars)
  [ok] US-CFR-TITLE16-PART1306: 6 条 / 6477 字符 ← us/raw/US-CFR-title16-part1306.xml (xml, 6477 chars)
  [ok] US-CFR-TITLE16-PART1307-2: 5 条 / 7840 字符 ← us/raw/US-CFR-title16-part1307.pdf (pdf, 7840 chars)
  [ok] US-CFR-TITLE16-PART1307-3: 4 条 / 2865 字符 ← us/raw/US-CFR-title16-part1307.xml (xml, 2865 chars)
  [ok] US-CFR-TITLE16-PART1307-4: 5 条 / 7840 字符 ← us/raw/US-CFR-title16-part1307.pdf (pdf, 7840 chars)
  [ok] US-CFR-TITLE16-PART1307: 4 条 / 2865 字符 ← us/raw/US-CFR-title16-part1307.xml (xml, 2865 chars)
  [ok] US-CFR-TITLE16-PART1401-2: 7 条 / 7579 字符 ← us/raw/US-CFR-title16-part1401.pdf (pdf, 7579 chars)
  [ok] US-CFR-TITLE16-PART1401-3: 5 条 / 6122 字符 ← us/raw/US-CFR-title16-part1401.xml (xml, 6122 chars)
  [ok] US-CFR-TITLE16-PART1401-4: 7 条 / 7579 字符 ← us/raw/US-CFR-title16-part1401.pdf (pdf, 7579 chars)
  [ok] US-CFR-TITLE16-PART1401: 5 条 / 6122 字符 ← us/raw/US-CFR-title16-part1401.xml (xml, 6122 chars)
  [ok] US-CFR-TITLE16-PART1402-2: 6 条 / 20548 字符 ← us/raw/US-CFR-title16-part1402.pdf (pdf, 23545 chars)
  [ok] US-CFR-TITLE16-PART1402-3: 5 条 / 15425 字符 ← us/raw/US-CFR-title16-part1402.xml (xml, 15938 chars)
  [ok] US-CFR-TITLE16-PART1402-4: 6 条 / 20548 字符 ← us/raw/US-CFR-title16-part1402.pdf (pdf, 23545 chars)
  [ok] US-CFR-TITLE16-PART1402: 5 条 / 15425 字符 ← us/raw/US-CFR-title16-part1402.xml (xml, 15938 chars)
  [ok] US-CFR-TITLE16-PART1500-2: 8 条 / 32000 字符 ← us/raw/US-CFR-title16-part1500.pdf (pdf, 460024 chars)（截断）
  [ok] US-CFR-TITLE16-PART1500-3: 9 条 / 32000 字符 ← us/raw/US-CFR-title16-part1500.xml (xml, 427464 chars)（截断）
  [ok] US-CFR-TITLE16-PART1500-4: 8 条 / 32000 字符 ← us/raw/US-CFR-title16-part1500.pdf (pdf, 460024 chars)（截断）
  [ok] US-CFR-TITLE16-PART1500: 9 条 / 32000 字符 ← us/raw/US-CFR-title16-part1500.xml (xml, 427464 chars)（截断）
  [ok] US-CFR-TITLE16-PART1501-2: 7 条 / 12379 字符 ← us/raw/US-CFR-title16-part1501.pdf (pdf, 12379 chars)
  [ok] US-CFR-TITLE16-PART1501-3: 6 条 / 6874 字符 ← us/raw/US-CFR-title16-part1501.xml (xml, 6874 chars)
  [ok] US-CFR-TITLE16-PART1501-4: 7 条 / 12379 字符 ← us/raw/US-CFR-title16-part1501.pdf (pdf, 12379 chars)
  [ok] US-CFR-TITLE16-PART1501: 6 条 / 6874 字符 ← us/raw/US-CFR-title16-part1501.xml (xml, 6874 chars)
  [ok] US-CFR-TITLE16-PART1502-2: 18 条 / 32000 字符 ← us/raw/US-CFR-title16-part1502.pdf (pdf, 70316 chars)（截断）
  [ok] US-CFR-TITLE16-PART1502-3: 21 条 / 32000 字符 ← us/raw/US-CFR-title16-part1502.xml (xml, 63618 chars)（截断）
  [ok] US-CFR-TITLE16-PART1502-4: 18 条 / 32000 字符 ← us/raw/US-CFR-title16-part1502.pdf (pdf, 70316 chars)（截断）
  [ok] US-CFR-TITLE16-PART1502: 21 条 / 32000 字符 ← us/raw/US-CFR-title16-part1502.xml (xml, 63618 chars)（截断）
  [ok] US-CFR-TITLE16-PART1505-2: 11 条 / 32000 字符 ← us/raw/US-CFR-title16-part1505.pdf (pdf, 71945 chars)（截断）
  [ok] US-CFR-TITLE16-PART1505-3: 7 条 / 32000 字符 ← us/raw/US-CFR-title16-part1505.xml (xml, 61456 chars)（截断）
  [ok] US-CFR-TITLE16-PART1505-4: 11 条 / 32000 字符 ← us/raw/US-CFR-title16-part1505.pdf (pdf, 71945 chars)（截断）
  [ok] US-CFR-TITLE16-PART1505: 7 条 / 32000 字符 ← us/raw/US-CFR-title16-part1505.xml (xml, 61456 chars)（截断）
  [ok] US-CFR-TITLE16-PART1511-2: 7 条 / 8154 字符 ← us/raw/US-CFR-title16-part1511.pdf (pdf, 8154 chars)
  [ok] US-CFR-TITLE16-PART1511-3: 9 条 / 6558 字符 ← us/raw/US-CFR-title16-part1511.xml (xml, 6558 chars)
  [ok] US-CFR-TITLE16-PART1511-4: 7 条 / 8154 字符 ← us/raw/US-CFR-title16-part1511.pdf (pdf, 8154 chars)
  [ok] US-CFR-TITLE16-PART1511: 9 条 / 6558 字符 ← us/raw/US-CFR-title16-part1511.xml (xml, 6558 chars)
  [ok] US-CFR-TITLE16-PART1512-2: 22 条 / 32000 字符 ← us/raw/US-CFR-title16-part1512.pdf (pdf, 75896 chars)（截断）
  [ok] US-CFR-TITLE16-PART1512-3: 19 条 / 32000 字符 ← us/raw/US-CFR-title16-part1512.xml (xml, 66471 chars)（截断）
  [ok] US-CFR-TITLE16-PART1512-4: 22 条 / 32000 字符 ← us/raw/US-CFR-title16-part1512.pdf (pdf, 75896 chars)（截断）
  [ok] US-CFR-TITLE16-PART1512: 19 条 / 32000 字符 ← us/raw/US-CFR-title16-part1512.xml (xml, 66471 chars)（截断）
  [ok] US-CFR-TITLE16-PART1513-2: 9 条 / 30591 字符 ← us/raw/US-CFR-title16-part1513.pdf (pdf, 34343 chars)
  [ok] US-CFR-TITLE16-PART1513-3: 8 条 / 23243 字符 ← us/raw/US-CFR-title16-part1513.xml (xml, 26603 chars)
  [ok] US-CFR-TITLE16-PART1513-4: 9 条 / 30591 字符 ← us/raw/US-CFR-title16-part1513.pdf (pdf, 34343 chars)
  [ok] US-CFR-TITLE16-PART1513: 8 条 / 23243 字符 ← us/raw/US-CFR-title16-part1513.xml (xml, 26603 chars)
  [ok] US-CFR-TITLE16-PART1610-2: 14 条 / 32000 字符 ← us/raw/US-CFR-title16-part1610.pdf (pdf, 113611 chars)（截断）
  [ok] US-CFR-TITLE16-PART1610-3: 11 条 / 32000 字符 ← us/raw/US-CFR-title16-part1610.xml (xml, 103683 chars)（截断）
  [ok] US-CFR-TITLE16-PART1610-4: 14 条 / 32000 字符 ← us/raw/US-CFR-title16-part1610.pdf (pdf, 113611 chars)（截断）
  [ok] US-CFR-TITLE16-PART1610: 11 条 / 32000 字符 ← us/raw/US-CFR-title16-part1610.xml (xml, 103683 chars)（截断）
  [ok] US-CFR-TITLE16-PART1615-2: 16 条 / 32000 字符 ← us/raw/US-CFR-title16-part1615.pdf (pdf, 100667 chars)（截断）
  [ok] US-CFR-TITLE16-PART1615-3: 7 条 / 32000 字符 ← us/raw/US-CFR-title16-part1615.xml (xml, 88426 chars)（截断）
  [ok] US-CFR-TITLE16-PART1615-4: 16 条 / 32000 字符 ← us/raw/US-CFR-title16-part1615.pdf (pdf, 100667 chars)（截断）
  [ok] US-CFR-TITLE16-PART1615: 7 条 / 32000 字符 ← us/raw/US-CFR-title16-part1615.xml (xml, 88426 chars)（截断）
  [ok] US-CFR-TITLE16-PART1616-2: 15 条 / 32000 字符 ← us/raw/US-CFR-title16-part1616.pdf (pdf, 110059 chars)（截断）
  [ok] US-CFR-TITLE16-PART1616-3: 6 条 / 32000 字符 ← us/raw/US-CFR-title16-part1616.xml (xml, 95068 chars)（截断）
  [ok] US-CFR-TITLE16-PART1616-4: 15 条 / 32000 字符 ← us/raw/US-CFR-title16-part1616.pdf (pdf, 110059 chars)（截断）
  [ok] US-CFR-TITLE16-PART1616: 6 条 / 32000 字符 ← us/raw/US-CFR-title16-part1616.xml (xml, 95068 chars)（截断）
  [ok] US-CFR-TITLE16-PART1630-2: 12 条 / 32000 字符 ← us/raw/US-CFR-title16-part1630.pdf (pdf, 43433 chars)（截断）
  [ok] US-CFR-TITLE16-PART1630-3: 11 条 / 32000 字符 ← us/raw/US-CFR-title16-part1630.xml (xml, 40391 chars)（截断）
  [ok] US-CFR-TITLE16-PART1630-4: 12 条 / 32000 字符 ← us/raw/US-CFR-title16-part1630.pdf (pdf, 43433 chars)（截断）
  [ok] US-CFR-TITLE16-PART1630: 11 条 / 32000 字符 ← us/raw/US-CFR-title16-part1630.xml (xml, 40391 chars)（截断）
  [ok] US-CFR-TITLE16-PART1631-2: 14 条 / 32000 字符 ← us/raw/US-CFR-title16-part1631.pdf (pdf, 47704 chars)（截断）
  [ok] US-CFR-TITLE16-PART1631-3: 12 条 / 32000 字符 ← us/raw/US-CFR-title16-part1631.xml (xml, 39344 chars)（截断）
  [ok] US-CFR-TITLE16-PART1631-4: 14 条 / 32000 字符 ← us/raw/US-CFR-title16-part1631.pdf (pdf, 47704 chars)（截断）
  [ok] US-CFR-TITLE16-PART1631: 12 条 / 32000 字符 ← us/raw/US-CFR-title16-part1631.xml (xml, 39344 chars)（截断）
  [ok] US-CFR-TITLE16-PART1632-2: 15 条 / 32000 字符 ← us/raw/US-CFR-title16-part1632.pdf (pdf, 67957 chars)（截断）
  [ok] US-CFR-TITLE16-PART1632-3: 7 条 / 32000 字符 ← us/raw/US-CFR-title16-part1632.xml (xml, 61242 chars)（截断）
  [ok] US-CFR-TITLE16-PART1632-4: 15 条 / 32000 字符 ← us/raw/US-CFR-title16-part1632.pdf (pdf, 67957 chars)（截断）
  [ok] US-CFR-TITLE16-PART1632: 7 条 / 32000 字符 ← us/raw/US-CFR-title16-part1632.xml (xml, 61242 chars)（截断）
  [ok] US-CFR-TITLE16-PART1633-2: 12 条 / 32000 字符 ← us/raw/US-CFR-title16-part1633.pdf (pdf, 86313 chars)（截断）
  [ok] US-CFR-TITLE16-PART1633-3: 10 条 / 32000 字符 ← us/raw/US-CFR-title16-part1633.xml (xml, 76534 chars)（截断）
  [ok] US-CFR-TITLE16-PART1633-4: 12 条 / 32000 字符 ← us/raw/US-CFR-title16-part1633.pdf (pdf, 86313 chars)（截断）
  [ok] US-CFR-TITLE16-PART1633: 10 条 / 32000 字符 ← us/raw/US-CFR-title16-part1633.xml (xml, 76534 chars)（截断）
  [ok] US-CFR-TITLE16-PART1700-2: 13 条 / 32000 字符 ← us/raw/US-CFR-title16-part1700.pdf (pdf, 76083 chars)（截断）
  [ok] US-CFR-TITLE16-PART1700-3: 9 条 / 32000 字符 ← us/raw/US-CFR-title16-part1700.xml (xml, 71263 chars)（截断）
  [ok] US-CFR-TITLE16-PART1700-4: 13 条 / 32000 字符 ← us/raw/US-CFR-title16-part1700.pdf (pdf, 76083 chars)（截断）
  [ok] US-CFR-TITLE16-PART1700: 9 条 / 32000 字符 ← us/raw/US-CFR-title16-part1700.xml (xml, 71263 chars)（截断）
  [ok] US-CFR-TITLE19-PART102-2: 14 条 / 32000 字符 ← us/raw/US-CFR-title19-part102.pdf (pdf, 357914 chars)（截断）
  [ok] US-CFR-TITLE19-PART102-3: 12 条 / 32000 字符 ← us/raw/US-CFR-title19-part102.xml (xml, 325939 chars)（截断）
  [ok] US-CFR-TITLE19-PART102-4: 14 条 / 32000 字符 ← us/raw/US-CFR-title19-part102.pdf (pdf, 357914 chars)（截断）
  [ok] US-CFR-TITLE19-PART102: 12 条 / 32000 字符 ← us/raw/US-CFR-title19-part102.xml (xml, 325939 chars)（截断）
  [ok] US-CFR-TITLE19-PART134-2: 15 条 / 32000 字符 ← us/raw/US-CFR-title19-part134.pdf (pdf, 64090 chars)（截断）
  [ok] US-CFR-TITLE19-PART134-3: 18 条 / 32000 字符 ← us/raw/US-CFR-title19-part134.xml (xml, 61475 chars)（截断）
  [ok] US-CFR-TITLE19-PART134-4: 15 条 / 32000 字符 ← us/raw/US-CFR-title19-part134.pdf (pdf, 64090 chars)（截断）
  [ok] US-CFR-TITLE19-PART134: 18 条 / 32000 字符 ← us/raw/US-CFR-title19-part134.xml (xml, 61475 chars)（截断）
  [ok] US-CFR-TITLE19-PART145-2: 24 条 / 32000 字符 ← us/raw/US-CFR-title19-part145.pdf (pdf, 69096 chars)（截断）
  [ok] US-CFR-TITLE19-PART145-3: 30 条 / 32000 字符 ← us/raw/US-CFR-title19-part145.xml (xml, 64115 chars)（截断）
  [ok] US-CFR-TITLE19-PART145-4: 24 条 / 32000 字符 ← us/raw/US-CFR-title19-part145.pdf (pdf, 69096 chars)（截断）
  [ok] US-CFR-TITLE19-PART145: 30 条 / 32000 字符 ← us/raw/US-CFR-title19-part145.xml (xml, 64115 chars)（截断）
  [ok] US-CFR-TITLE21-PART1-2: 11 条 / 32000 字符 ← us/raw/US-CFR-title21-part1.pdf (pdf, 696925 chars)（截断）
  [ok] US-CFR-TITLE21-PART1-3: 10 条 / 32000 字符 ← us/raw/US-CFR-title21-part1.xml (xml, 654158 chars)（截断）
  [ok] US-CFR-TITLE21-PART1-4: 11 条 / 32000 字符 ← us/raw/US-CFR-title21-part1.pdf (pdf, 696925 chars)（截断）
  [ok] US-CFR-TITLE21-PART1: 10 条 / 32000 字符 ← us/raw/US-CFR-title21-part1.xml (xml, 654158 chars)（截断）
  [ok] US-CFR-TITLE21-PART101-2: 7 条 / 32000 字符 ← us/raw/US-CFR-title21-part101.pdf (pdf, 721849 chars)（截断）
  [ok] US-CFR-TITLE21-PART101-3: 5 条 / 32000 字符 ← us/raw/US-CFR-title21-part101.xml (xml, 686818 chars)（截断）
  [ok] US-CFR-TITLE21-PART101-4: 7 条 / 32000 字符 ← us/raw/US-CFR-title21-part101.pdf (pdf, 721849 chars)（截断）
  [ok] US-CFR-TITLE21-PART101: 5 条 / 32000 字符 ← us/raw/US-CFR-title21-part101.xml (xml, 686818 chars)（截断）
  [ok] US-CFR-TITLE21-PART110-2: 11 条 / 32000 字符 ← us/raw/US-CFR-title21-part110.pdf (pdf, 44082 chars)（截断）
  [ok] US-CFR-TITLE21-PART110-3: 10 条 / 32000 字符 ← us/raw/US-CFR-title21-part110.xml (xml, 39291 chars)（截断）
  [ok] US-CFR-TITLE21-PART110-4: 11 条 / 32000 字符 ← us/raw/US-CFR-title21-part110.pdf (pdf, 44082 chars)（截断）
  [ok] US-CFR-TITLE21-PART110: 10 条 / 32000 字符 ← us/raw/US-CFR-title21-part110.xml (xml, 39291 chars)（截断）
  [ok] US-CFR-TITLE21-PART111-2: 12 条 / 32000 字符 ← us/raw/US-CFR-title21-part111.pdf (pdf, 119348 chars)（截断）
  [ok] US-CFR-TITLE21-PART111-3: 12 条 / 32000 字符 ← us/raw/US-CFR-title21-part111.xml (xml, 111643 chars)（截断）
  [ok] US-CFR-TITLE21-PART111-4: 12 条 / 32000 字符 ← us/raw/US-CFR-title21-part111.pdf (pdf, 119348 chars)（截断）
  [ok] US-CFR-TITLE21-PART111: 12 条 / 32000 字符 ← us/raw/US-CFR-title21-part111.xml (xml, 111643 chars)（截断）
  [ok] US-CFR-TITLE21-PART117-2: 6 条 / 32000 字符 ← us/raw/US-CFR-title21-part117.xml (xml, 158822 chars)（截断）
  [ok] US-CFR-TITLE21-PART117-3: 6 条 / 32000 字符 ← us/raw/US-CFR-title21-part117.xml (xml, 158822 chars)（截断）
  [ok] US-CFR-TITLE21-PART117-4: 8 条 / 32000 字符 ← us/raw/US-CFR-title21-part117.pdf (pdf, 166649 chars)（截断）
  [ok] US-CFR-TITLE21-PART117: 8 条 / 32000 字符 ← us/raw/US-CFR-title21-part117.pdf (pdf, 166649 chars)（截断）
  [ok] US-CFR-TITLE21-PART170-2: 9 条 / 32000 字符 ← us/raw/US-CFR-title21-part170.pdf (pdf, 108546 chars)（截断）
  [ok] US-CFR-TITLE21-PART170-3: 11 条 / 32000 字符 ← us/raw/US-CFR-title21-part170.xml (xml, 103351 chars)（截断）
  [ok] US-CFR-TITLE21-PART170-4: 9 条 / 32000 字符 ← us/raw/US-CFR-title21-part170.pdf (pdf, 108546 chars)（截断）
  [ok] US-CFR-TITLE21-PART170: 11 条 / 32000 字符 ← us/raw/US-CFR-title21-part170.xml (xml, 103351 chars)（截断）
  [ok] US-CFR-TITLE21-PART171-2: 12 条 / 25917 字符 ← us/raw/US-CFR-title21-part171.pdf (pdf, 25917 chars)
  [ok] US-CFR-TITLE21-PART171-3: 9 条 / 18653 字符 ← us/raw/US-CFR-title21-part171.xml (xml, 24127 chars)
  [ok] US-CFR-TITLE21-PART171-4: 12 条 / 25917 字符 ← us/raw/US-CFR-title21-part171.pdf (pdf, 25917 chars)
  [ok] US-CFR-TITLE21-PART171: 9 条 / 18653 字符 ← us/raw/US-CFR-title21-part171.xml (xml, 24127 chars)
  [ok] US-CFR-TITLE21-PART172-2: 16 条 / 32000 字符 ← us/raw/US-CFR-title21-part172.xml (xml, 378989 chars)（截断）
  [ok] US-CFR-TITLE21-PART172-3: 16 条 / 32000 字符 ← us/raw/US-CFR-title21-part172.xml (xml, 378989 chars)（截断）
  [ok] US-CFR-TITLE21-PART172-4: 13 条 / 32000 字符 ← us/raw/US-CFR-title21-part172.pdf (pdf, 411074 chars)（截断）
  [ok] US-CFR-TITLE21-PART172: 13 条 / 32000 字符 ← us/raw/US-CFR-title21-part172.pdf (pdf, 411074 chars)（截断）
  [ok] US-CFR-TITLE21-PART173-2: 12 条 / 32000 字符 ← us/raw/US-CFR-title21-part173.pdf (pdf, 142981 chars)（截断）
  [ok] US-CFR-TITLE21-PART173-3: 14 条 / 32000 字符 ← us/raw/US-CFR-title21-part173.xml (xml, 134239 chars)（截断）
  [ok] US-CFR-TITLE21-PART173-4: 12 条 / 32000 字符 ← us/raw/US-CFR-title21-part173.pdf (pdf, 142981 chars)（截断）
  [ok] US-CFR-TITLE21-PART173: 14 条 / 32000 字符 ← us/raw/US-CFR-title21-part173.xml (xml, 134239 chars)（截断）
  [ok] US-CFR-TITLE21-PART174-2: 6 条 / 7752 字符 ← us/raw/US-CFR-title21-part174.pdf (pdf, 7752 chars)
  [ok] US-CFR-TITLE21-PART174-3: 3 条 / 3785 字符 ← us/raw/US-CFR-title21-part174.xml (xml, 3785 chars)
  [ok] US-CFR-TITLE21-PART174-4: 6 条 / 7752 字符 ← us/raw/US-CFR-title21-part174.pdf (pdf, 7752 chars)
  [ok] US-CFR-TITLE21-PART174: 3 条 / 3785 字符 ← us/raw/US-CFR-title21-part174.xml (xml, 3785 chars)
  [ok] US-CFR-TITLE21-PART175-2: 8 条 / 32000 字符 ← us/raw/US-CFR-title21-part175.pdf (pdf, 165672 chars)（截断）
  [ok] US-CFR-TITLE21-PART175-3: 9 条 / 32000 字符 ← us/raw/US-CFR-title21-part175.xml (xml, 150985 chars)（截断）
  [ok] US-CFR-TITLE21-PART175-4: 8 条 / 32000 字符 ← us/raw/US-CFR-title21-part175.pdf (pdf, 165672 chars)（截断）
  [ok] US-CFR-TITLE21-PART175: 9 条 / 32000 字符 ← us/raw/US-CFR-title21-part175.xml (xml, 150985 chars)（截断）
  [ok] US-CFR-TITLE21-PART176-2: 9 条 / 32000 字符 ← us/raw/US-CFR-title21-part176.pdf (pdf, 173727 chars)（截断）
  [ok] US-CFR-TITLE21-PART176-3: 9 条 / 32000 字符 ← us/raw/US-CFR-title21-part176.xml (xml, 157485 chars)（截断）
  [ok] US-CFR-TITLE21-PART176-4: 9 条 / 32000 字符 ← us/raw/US-CFR-title21-part176.pdf (pdf, 173727 chars)（截断）
  [ok] US-CFR-TITLE21-PART176: 9 条 / 32000 字符 ← us/raw/US-CFR-title21-part176.xml (xml, 157485 chars)（截断）
  [ok] US-CFR-TITLE21-PART177-2: 9 条 / 32000 字符 ← us/raw/US-CFR-title21-part177.pdf (pdf, 496119 chars)（截断）
  [ok] US-CFR-TITLE21-PART177-3: 5 条 / 32000 字符 ← us/raw/US-CFR-title21-part177.xml (xml, 464259 chars)（截断）
  [ok] US-CFR-TITLE21-PART177-4: 9 条 / 32000 字符 ← us/raw/US-CFR-title21-part177.pdf (pdf, 496119 chars)（截断）
  [ok] US-CFR-TITLE21-PART177: 5 条 / 32000 字符 ← us/raw/US-CFR-title21-part177.xml (xml, 464259 chars)（截断）
  [ok] US-CFR-TITLE21-PART178-2: 8 条 / 32000 字符 ← us/raw/US-CFR-title21-part178.pdf (pdf, 414178 chars)（截断）
  [ok] US-CFR-TITLE21-PART178-3: 5 条 / 32000 字符 ← us/raw/US-CFR-title21-part178.xml (xml, 393089 chars)（截断）
  [ok] US-CFR-TITLE21-PART178-4: 8 条 / 32000 字符 ← us/raw/US-CFR-title21-part178.pdf (pdf, 414178 chars)（截断）
  [ok] US-CFR-TITLE21-PART178: 5 条 / 32000 字符 ← us/raw/US-CFR-title21-part178.xml (xml, 393089 chars)（截断）
  [ok] US-CFR-TITLE21-PART179-2: 14 条 / 25480 字符 ← us/raw/US-CFR-title21-part179.pdf (pdf, 25480 chars)
  [ok] US-CFR-TITLE21-PART179-3: 9 条 / 23175 字符 ← us/raw/US-CFR-title21-part179.xml (xml, 23175 chars)
  [ok] US-CFR-TITLE21-PART179-4: 14 条 / 25480 字符 ← us/raw/US-CFR-title21-part179.pdf (pdf, 25480 chars)
  [ok] US-CFR-TITLE21-PART179: 9 条 / 23175 字符 ← us/raw/US-CFR-title21-part179.xml (xml, 23175 chars)
  [ok] US-CFR-TITLE21-PART180-2: 12 条 / 28792 字符 ← us/raw/US-CFR-title21-part180.pdf (pdf, 28792 chars)
  [ok] US-CFR-TITLE21-PART180-3: 6 条 / 23223 字符 ← us/raw/US-CFR-title21-part180.xml (xml, 23223 chars)
  [ok] US-CFR-TITLE21-PART180-4: 12 条 / 28792 字符 ← us/raw/US-CFR-title21-part180.pdf (pdf, 28792 chars)
  [ok] US-CFR-TITLE21-PART180: 6 条 / 23223 字符 ← us/raw/US-CFR-title21-part180.xml (xml, 23223 chars)
  [ok] US-CFR-TITLE21-PART181-2: 10 条 / 18994 字符 ← us/raw/US-CFR-title21-part181.pdf (pdf, 18994 chars)
  [ok] US-CFR-TITLE21-PART181-3: 15 条 / 16700 字符 ← us/raw/US-CFR-title21-part181.xml (xml, 16700 chars)
  [ok] US-CFR-TITLE21-PART181-4: 10 条 / 18994 字符 ← us/raw/US-CFR-title21-part181.pdf (pdf, 18994 chars)
  [ok] US-CFR-TITLE21-PART181: 15 条 / 16700 字符 ← us/raw/US-CFR-title21-part181.xml (xml, 16700 chars)
  [ok] US-CFR-TITLE21-PART182-2: 7 条 / 32000 字符 ← us/raw/US-CFR-title21-part182.pdf (pdf, 59168 chars)（截断）
  [ok] US-CFR-TITLE21-PART182-3: 50 条 / 32000 字符 ← us/raw/US-CFR-title21-part182.xml (xml, 41012 chars)（截断）
  [ok] US-CFR-TITLE21-PART182-4: 7 条 / 32000 字符 ← us/raw/US-CFR-title21-part182.pdf (pdf, 59168 chars)（截断）
  [ok] US-CFR-TITLE21-PART182: 50 条 / 32000 字符 ← us/raw/US-CFR-title21-part182.xml (xml, 41012 chars)（截断）
  [ok] US-CFR-TITLE21-PART184-2: 34 条 / 32000 字符 ← us/raw/US-CFR-title21-part184.pdf (pdf, 429907 chars)（截断）
  [ok] US-CFR-TITLE21-PART184-3: 12 条 / 32000 字符 ← us/raw/US-CFR-title21-part184.xml (xml, 413157 chars)（截断）
  [ok] US-CFR-TITLE21-PART184-4: 34 条 / 32000 字符 ← us/raw/US-CFR-title21-part184.pdf (pdf, 429907 chars)（截断）
  [ok] US-CFR-TITLE21-PART184: 12 条 / 32000 字符 ← us/raw/US-CFR-title21-part184.xml (xml, 413157 chars)（截断）
  [ok] US-CFR-TITLE21-PART186-2: 13 条 / 23027 字符 ← us/raw/US-CFR-title21-part186.pdf (pdf, 23027 chars)
  [ok] US-CFR-TITLE21-PART186-3: 17 条 / 18436 字符 ← us/raw/US-CFR-title21-part186.xml (xml, 18436 chars)
  [ok] US-CFR-TITLE21-PART186-4: 13 条 / 23027 字符 ← us/raw/US-CFR-title21-part186.pdf (pdf, 23027 chars)
  [ok] US-CFR-TITLE21-PART186: 17 条 / 18436 字符 ← us/raw/US-CFR-title21-part186.xml (xml, 18436 chars)
  [ok] US-CFR-TITLE21-PART189-2: 20 条 / 31086 字符 ← us/raw/US-CFR-title21-part189.pdf (pdf, 31086 chars)
  [ok] US-CFR-TITLE21-PART189-3: 22 条 / 28994 字符 ← us/raw/US-CFR-title21-part189.xml (xml, 28994 chars)
  [ok] US-CFR-TITLE21-PART189-4: 20 条 / 31086 字符 ← us/raw/US-CFR-title21-part189.pdf (pdf, 31086 chars)
  [ok] US-CFR-TITLE21-PART189: 22 条 / 28994 字符 ← us/raw/US-CFR-title21-part189.xml (xml, 28994 chars)
  [ok] US-CFR-TITLE21-PART190-2: 6 条 / 7981 字符 ← us/raw/US-CFR-title21-part190.pdf (pdf, 7981 chars)
  [no-articles] US-CFR-TITLE21-PART190-3: no usable raw
  [ok] US-CFR-TITLE21-PART190-4: 6 条 / 7981 字符 ← us/raw/US-CFR-title21-part190.pdf (pdf, 7981 chars)
  [no-articles] US-CFR-TITLE21-PART190: no usable raw
  [ok] US-CFR-TITLE21-PART700-2: 11 条 / 32000 字符 ← us/raw/US-CFR-title21-part700.pdf (pdf, 36717 chars)（截断）
  [ok] US-CFR-TITLE21-PART700-3: 12 条 / 32000 字符 ← us/raw/US-CFR-title21-part700.xml (xml, 34575 chars)（截断）
  [ok] US-CFR-TITLE21-PART700-4: 11 条 / 32000 字符 ← us/raw/US-CFR-title21-part700.pdf (pdf, 36717 chars)（截断）
  [ok] US-CFR-TITLE21-PART700: 12 条 / 32000 字符 ← us/raw/US-CFR-title21-part700.xml (xml, 34575 chars)（截断）
  [ok] US-CFR-TITLE21-PART701-2: 9 条 / 32000 字符 ← us/raw/US-CFR-title21-part701.pdf (pdf, 57824 chars)（截断）
  [ok] US-CFR-TITLE21-PART701-3: 9 条 / 32000 字符 ← us/raw/US-CFR-title21-part701.xml (xml, 50743 chars)（截断）
  [ok] US-CFR-TITLE21-PART701-4: 9 条 / 32000 字符 ← us/raw/US-CFR-title21-part701.pdf (pdf, 57824 chars)（截断）
  [ok] US-CFR-TITLE21-PART701: 9 条 / 32000 字符 ← us/raw/US-CFR-title21-part701.xml (xml, 50743 chars)（截断）
  [ok] US-CFR-TITLE21-PART710-2: 7 条 / 6972 字符 ← us/raw/US-CFR-title21-part710.pdf (pdf, 6972 chars)
  [ok] US-CFR-TITLE21-PART710-3: 10 条 / 4818 字符 ← us/raw/US-CFR-title21-part710.xml (xml, 4818 chars)
  [ok] US-CFR-TITLE21-PART710-4: 7 条 / 6972 字符 ← us/raw/US-CFR-title21-part710.pdf (pdf, 6972 chars)
  [ok] US-CFR-TITLE21-PART710: 10 条 / 4818 字符 ← us/raw/US-CFR-title21-part710.xml (xml, 4818 chars)
  [ok] US-CFR-TITLE21-PART720-2: 13 条 / 18563 字符 ← us/raw/US-CFR-title21-part720.pdf (pdf, 18563 chars)
  [ok] US-CFR-TITLE21-PART720-3: 9 条 / 15044 字符 ← us/raw/US-CFR-title21-part720.xml (xml, 15044 chars)
  [ok] US-CFR-TITLE21-PART720-4: 13 条 / 18563 字符 ← us/raw/US-CFR-title21-part720.pdf (pdf, 18563 chars)
  [ok] US-CFR-TITLE21-PART720: 9 条 / 15044 字符 ← us/raw/US-CFR-title21-part720.xml (xml, 15044 chars)
  [ok] US-CFR-TITLE21-PART740-2: 10 条 / 12765 字符 ← us/raw/US-CFR-title21-part740.pdf (pdf, 12765 chars)
  [ok] US-CFR-TITLE21-PART740-3: 9 条 / 10569 字符 ← us/raw/US-CFR-title21-part740.xml (xml, 10569 chars)
  [ok] US-CFR-TITLE21-PART740-4: 10 条 / 12765 字符 ← us/raw/US-CFR-title21-part740.pdf (pdf, 12765 chars)
  [ok] US-CFR-TITLE21-PART740: 9 条 / 10569 字符 ← us/raw/US-CFR-title21-part740.xml (xml, 10569 chars)
  [ok] US-CFR-TITLE47-PART15-2: 12 条 / 32000 字符 ← us/raw/US-CFR-title47-part15.pdf (pdf, 569519 chars)（截断）
  [ok] US-CFR-TITLE47-PART15-3: 14 条 / 32000 字符 ← us/raw/US-CFR-title47-part15.xml (xml, 508506 chars)（截断）
  [ok] US-CFR-TITLE47-PART15-4: 12 条 / 32000 字符 ← us/raw/US-CFR-title47-part15.pdf (pdf, 569519 chars)（截断）
  [ok] US-CFR-TITLE47-PART15: 14 条 / 32000 字符 ← us/raw/US-CFR-title47-part15.xml (xml, 508506 chars)（截断）
  [ok] US-CFR-TITLE47-PART18-2: 17 条 / 28283 字符 ← us/raw/US-CFR-title47-part18.pdf (pdf, 28283 chars)
  [ok] US-CFR-TITLE47-PART18-3: 23 条 / 21267 字符 ← us/raw/US-CFR-title47-part18.xml (xml, 21267 chars)
  [ok] US-CFR-TITLE47-PART18-4: 17 条 / 28283 字符 ← us/raw/US-CFR-title47-part18.pdf (pdf, 28283 chars)
  [ok] US-CFR-TITLE47-PART18: 23 条 / 21267 字符 ← us/raw/US-CFR-title47-part18.xml (xml, 21267 chars)
  [ok] US-CFR-TITLE47-PART2-2: 5 条 / 32000 字符 ← us/raw/US-CFR-title47-part2.pdf (pdf, 583678 chars)（截断）
  [ok] US-CFR-TITLE47-PART2-3: 7 条 / 32000 字符 ← us/raw/US-CFR-title47-part2.xml (xml, 778213 chars)（截断）
  [ok] US-CFR-TITLE47-PART2-4: 5 条 / 32000 字符 ← us/raw/US-CFR-title47-part2.pdf (pdf, 583678 chars)（截断）
  [ok] US-CFR-TITLE47-PART2: 7 条 / 32000 字符 ← us/raw/US-CFR-title47-part2.xml (xml, 778213 chars)（截断）
  [ok] US-CFR-TITLE47-PART68-2: 21 条 / 32000 字符 ← us/raw/US-CFR-title47-part68.pdf (pdf, 148283 chars)（截断）
  [ok] US-CFR-TITLE47-PART68-3: 15 条 / 32000 字符 ← us/raw/US-CFR-title47-part68.xml (xml, 134185 chars)（截断）
  [ok] US-CFR-TITLE47-PART68-4: 21 条 / 32000 字符 ← us/raw/US-CFR-title47-part68.pdf (pdf, 148283 chars)（截断）
  [ok] US-CFR-TITLE47-PART68: 15 条 / 32000 字符 ← us/raw/US-CFR-title47-part68.xml (xml, 134185 chars)（截断）
  [ok] US-CFR-TITLE49-PART171-2: 8 条 / 32000 字符 ← us/raw/US-CFR-title49-part171.pdf (pdf, 225583 chars)（截断）
  [ok] US-CFR-TITLE49-PART171-3: 7 条 / 32000 字符 ← us/raw/US-CFR-title49-part171.xml (xml, 206203 chars)（截断）
  [ok] US-CFR-TITLE49-PART171-4: 8 条 / 32000 字符 ← us/raw/US-CFR-title49-part171.pdf (pdf, 225583 chars)（截断）
  [ok] US-CFR-TITLE49-PART171: 7 条 / 32000 字符 ← us/raw/US-CFR-title49-part171.xml (xml, 206203 chars)（截断）
  [ok] US-CFR-TITLE49-PART172-2: 16 条 / 32000 字符 ← us/raw/US-CFR-title49-part172.pdf (pdf, 793630 chars)（截断）
  [ok] US-CFR-TITLE49-PART172-3: 7 条 / 32000 字符 ← us/raw/US-CFR-title49-part172.xml (xml, 856814 chars)（截断）
  [ok] US-CFR-TITLE49-PART172-4: 16 条 / 32000 字符 ← us/raw/US-CFR-title49-part172.pdf (pdf, 793630 chars)（截断）
  [ok] US-CFR-TITLE49-PART172: 7 条 / 32000 字符 ← us/raw/US-CFR-title49-part172.xml (xml, 856814 chars)（截断）
  [ok] US-CFR-TITLE49-PART173-2: 8 条 / 32000 字符 ← us/raw/US-CFR-title49-part173.pdf (pdf, 801082 chars)（截断）
  [ok] US-CFR-TITLE49-PART173-3: 9 条 / 32000 字符 ← us/raw/US-CFR-title49-part173.xml (xml, 1284074 chars)（截断）
  [ok] US-CFR-TITLE49-PART173-4: 8 条 / 32000 字符 ← us/raw/US-CFR-title49-part173.pdf (pdf, 801082 chars)（截断）
  [ok] US-CFR-TITLE49-PART173: 9 条 / 32000 字符 ← us/raw/US-CFR-title49-part173.xml (xml, 1284074 chars)（截断）
  [ok] US-CFR-TITLE49-PART178-2: 19 条 / 32000 字符 ← us/raw/US-CFR-title49-part178.pdf (pdf, 817858 chars)（截断）
  [ok] US-CFR-TITLE49-PART178-3: 30 条 / 32000 字符 ← us/raw/US-CFR-title49-part178.xml (xml, 964576 chars)（截断）
  [ok] US-CFR-TITLE49-PART178-4: 19 条 / 32000 字符 ← us/raw/US-CFR-title49-part178.pdf (pdf, 817858 chars)（截断）
  [ok] US-CFR-TITLE49-PART178: 30 条 / 32000 字符 ← us/raw/US-CFR-title49-part178.xml (xml, 964576 chars)（截断）
  [ok] US-COPPA: 4 条 / 32000 字符 ← us/raw/美国《儿童在线隐私保护法》（COPPA）.pdf (pdf, 350345 chars)（截断）
  [ok] US-FIRRMA: 3 条 / 32000 字符 ← us/raw/美国《外资投资风险审查现代化法案》（FIRRMA 2018）.pdf (pdf, 613674 chars)（截断）
  [ok] US-FTC_COPPA_RULE: 2 条 / 7327 字符 ← us/raw/US-FTC_COPPA_rule.html (html, 7327 chars)
  [no-articles] US-FTC_INFORM_ACT: no usable raw
  [no-articles] US-FTC_TFPIA: no usable raw
  [ok] US-INFORM-ACT: 5 条 / 17199 字符 ← us/raw/美国《INFORM消费者法案》（INFORM Consumers Act，S.936 117th Congress）.pdf (pdf, 17199 chars)
  [ok] US-IRA-2022: 8 条 / 32000 字符 ← us/raw/美国《通胀削减法案》（IRA 2022）.pdf (pdf, 532280 chars)（截断）
  [ok] US-PLAW-109PUBL347_ENERGY_POLICY_ACT_2005: 6 条 / 32000 字符 ← us/raw/PLAW-109publ347_Energy_Policy_Act_2005.pdf (pdf, 234498 chars)（截断）
  [ok] US-PLAW-110PUBL314_CONSUMER_PRODUCT_SAFETY_IMPROVEMENT_ACT_2008: 4 条 / 32000 字符 ← us/raw/PLAW-110publ314_Consumer_Product_Safety_Improvement_Act_2008.pdf (pdf, 189873 chars)（截断）
  [ok] US-PLAW-114PUBL125_TRADE_FACILITATION_AND_TRADE_ENFORCEMENT_ACT: 4 条 / 32000 字符 ← us/raw/PLAW-114publ125_Trade_Facilitation_and_Trade_Enforcement_Act_2015.pdf (pdf, 438519 chars)（截断）
  [ok] US-PLAW-115PUBL232_FIRRMA_-NDAA_FY2019: 3 条 / 32000 字符 ← us/raw/PLAW-115publ232_FIRRMA_(NDAA_FY2019).pdf (pdf, 613674 chars)（截断）
  [ok] US-PLAW-117PUBL169_INFLATION_REDUCTION_ACT_OF_2022: 8 条 / 32000 字符 ← us/raw/PLAW-117publ169_Inflation_Reduction_Act_of_2022.pdf (pdf, 578214 chars)（截断）
  [ok] US-PLAW-117PUBL328_CONSOLIDATED_APPROPRIATIONS_ACT_2023_-INFORM: 6 条 / 32000 字符 ← us/raw/PLAW-117publ328_Consolidated_Appropriations_Act_2023_(INFORM_Act).pdf (pdf, 667884 chars)（截断）
  [ok] US-PLAW-117PUBL9_MODERNIZATION_OF_COSMETICS_REGULATION_ACT_2022: 2 条 / 6827 字符 ← us/raw/PLAW-117publ9_Modernization_of_Cosmetics_Regulation_Act_2022.pdf (pdf, 6827 chars)
  [ok] US-TITLE15-USC-1261_FEDERAL_HAZARDOUS_SUBSTANCES_ACT: 12 条 / 32000 字符 ← us/raw/US-title15-USC-1261_Federal_Hazardous_Substances_Act.pdf (pdf, 40790 chars)（截断）
  [ok] US-TITLE15-USC-1274_FHSA_BANNED_HAZARDOUS_SUBSTANCES: 5 条 / 18124 字符 ← us/raw/US-title15-USC-1274_FHSA_banned_hazardous_substances.pdf (pdf, 18615 chars)
  [ok] US-TITLE15-USC-2051_CONSUMER_PRODUCT_SAFETY_ACT_S-1: 3 条 / 12960 字符 ← us/raw/US-title15-USC-2051_Consumer_Product_Safety_Act_s.1.pdf (pdf, 12960 chars)
  [ok] US-TITLE15-USC-2056_CPSA_CHILDREN-S_PRODUCTS: 4 条 / 20424 字符 ← us/raw/US-title15-USC-2056_CPSA_children's_products.pdf (pdf, 20787 chars)
  [ok] US-TITLE15-USC-2056_CPSIA_DEFINITIONS: 4 条 / 20424 字符 ← us/raw/US-title15-USC-2056_CPSIA_definitions.pdf (pdf, 20787 chars)
  [ok] US-TITLE15-USC-2063_SUBSTANTIAL_PRODUCT_HAZARD_REPORTING: 7 条 / 32000 字符 ← us/raw/US-title15-USC-2063_Substantial_product_hazard_reporting.pdf (pdf, 39296 chars)（截断）
  [ok] US-TITLE15-USC-2076_CPSC_ENFORCEMENT: 8 条 / 24000 字符 ← us/raw/US-title15-USC-2076_CPSC_enforcement.pdf (pdf, 24000 chars)
  [ok] US-TITLE15-USC-45_FTC_UNFAIR_OR_DECEPTIVE_ACTS: 4 条 / 32000 字符 ← us/raw/US-title15-USC-45_FTC_unfair_or_deceptive_acts.pdf (pdf, 46457 chars)（截断）
  [ok] US-TITLE15-USC-6501_COPPA: 6 条 / 10311 字符 ← us/raw/US-title15-USC-6501_COPPA.pdf (pdf, 10311 chars)
  [ok] US-TITLE15-USC-6502_COPPA_UNFAIR_ACTS: 4 条 / 15329 字符 ← us/raw/US-title15-USC-6502_COPPA_unfair_acts.pdf (pdf, 15329 chars)
  [ok] US-TITLE15-USC-6505_COPPA_ENFORCEMENT: 8 条 / 10904 字符 ← us/raw/US-title15-USC-6505_COPPA_enforcement.pdf (pdf, 10904 chars)
  [ok] US-TITLE15-USC-70_TEXTILE_FIBER_PRODUCTS_IDENTIFICATION_ACT: 4 条 / 5753 字符 ← us/raw/US-title15-USC-70_Textile_Fiber_Products_Identification_Act.pdf (pdf, 5753 chars)
  [ok] US-TITLE15-USC-70_TFPIA: 4 条 / 5753 字符 ← us/raw/US-title15-USC-70_TFPIA.pdf (pdf, 5753 chars)
  [ok] US-TITLE19-USC-1304_COUNTRY_OF_ORIGIN_MARKING: 10 条 / 31609 字符 ← us/raw/US-title19-USC-1304_Country_of_origin_marking.pdf (pdf, 33505 chars)
  [ok] US-TITLE21-USC-331_FEDERAL_FOOD_DRUG_AND_COSMETIC_ACT_DEFINI: 21 条 / 32000 字符 ← us/raw/US-title21-USC-331_Federal_Food_Drug_and_Cosmetic_Act_definitions.pdf (pdf, 67863 chars)（截断）
  [ok] US-TITLE21-USC-393_FDA_AUTHORITY: 7 条 / 32000 字符 ← us/raw/US-title21-USC-393_FDA_authority.pdf (pdf, 38860 chars)（截断）
  [ok] US-TITLE47-USC-301_COMMUNICATIONS_ACT_GENERAL_AUTHORITY: 5 条 / 11465 字符 ← us/raw/US-title47-USC-301_Communications_Act_general_authority.pdf (pdf, 11465 chars)
  [ok] US-TITLE47-USC-302_FCC_DEVICE_AUTHORIZATION: 3 条 / 5973 字符 ← us/raw/US-title47-USC-302_FCC_device_authorization.pdf (pdf, 5973 chars)
  [ok] US-TITLE49-USC-5101_HAZARDOUS_MATERIALS_TRANSPORTATION: 6 条 / 12471 字符 ← us/raw/US-title49-USC-5101_Hazardous_materials_transportation.pdf (pdf, 12471 chars)
  [ok] US-US_CA_-_CCPA_-_OAG-CA-GOV: 9 条 / 32000 字符 ← us/raw/US_CA_总检察长_CCPA_页面_oag.ca.gov.html (html, 42265 chars)（截断）
  [ok] US-US_CA_-_CCPA_CPRA_-_LEGINFO: 9 条 / 32000 字符 ← us/raw/US_CA_民法典_CCPA_CPRA_正文_leginfo.html (html, 171677 chars)（截断）
  [no-articles] US-US_CA_-_LEGINFO: no usable raw
  [ok] US-US_CODE_TITLE_15_CHAPTER_2_HTML_GOVINFO: 10 条 / 32000 字符 ← us/raw/US_Code_title_15_chapter_2_HTML_govinfo.html (html, 423169 chars)（截断）
  [ok] US-US_CODE_TITLE_15_CHAPTER_41_HTML_GOVINFO: 5 条 / 32000 字符 ← us/raw/US_Code_title_15_chapter_41_HTML_govinfo.html (html, 1234668 chars)（截断）
  [ok] US-US_CODE_TITLE_15_CHAPTER_47_HTML_GOVINFO: 8 条 / 32000 字符 ← us/raw/US_Code_title_15_chapter_47_HTML_govinfo.html (html, 466653 chars)（截断）
  [ok] US-US_CODE_TITLE_16_CHAPTER_1_HTML_GOVINFO: 41 条 / 32000 字符 ← us/raw/US_Code_title_16_chapter_1_HTML_govinfo.html (html, 5061574 chars)（截断）
  [ok] US-US_CODE_TITLE_19_CHAPTER_4_HTML_GOVINFO: 11 条 / 32000 字符 ← us/raw/US_Code_title_19_chapter_4_HTML_govinfo.html (html, 2275029 chars)（截断）
  [ok] US-US_CODE_TITLE_21_CHAPTER_9_HTML_GOVINFO: 5 条 / 32000 字符 ← us/raw/US_Code_title_21_chapter_9_HTML_govinfo.html (html, 4107261 chars)（截断）
  [ok] US-US_CODE_TITLE_42_CHAPTER_85_HTML_GOVINFO: 6 条 / 32000 字符 ← us/raw/US_Code_title_42_chapter_85_HTML_govinfo.html (html, 1826185 chars)（截断）
  [ok] US-US_CODE_TITLE_47_CHAPTER_5_HTML_GOVINFO: 5 条 / 32000 字符 ← us/raw/US_Code_title_47_chapter_5_HTML_govinfo.html (html, 2034359 chars)（截断）
  [no-articles] US-US_CODE_TITLE_49_CHAPTER_51_HTML_GOVINFO: no usable raw
  [ok] US-US_CODE_TITLE_7_CHAPTER_6_HTML_GOVINFO: 10 条 / 32000 字符 ← us/raw/US_Code_title_7_chapter_6_HTML_govinfo.html (html, 630711 chars)（截断）
  [no-articles] US-US_CPSC_RECALLS: no usable raw
  [no-articles] US-US_FEDERALREGISTER_CPSC: no usable raw
  [no-articles] US-US_FEDERALREGISTER_LATEST: no usable raw
  [ok] US-US_FEDERAL_REGISTER_2026-09-14_-_XML: 5 条 / 32000 字符 ← us/raw/US_Federal_Register_2026-09-14_全文_XML.xml (xml, 1933047 chars)（截断）
  [ok] US-US_FEDERAL_REGISTER_2026-09-15_-_XML: 7 条 / 32000 字符 ← us/raw/US_Federal_Register_2026-09-15_全文_XML.xml (xml, 1405930 chars)（截断）
  [ok] US-US_FEDERAL_REGISTER_2026-09-16_-_XML: 5 条 / 32000 字符 ← us/raw/US_Federal_Register_2026-09-16_全文_XML.xml (xml, 1551806 chars)（截断）
  [ok] US-US_FEDERAL_REGISTER_2026-09-17_-_XML: 3 条 / 32000 字符 ← us/raw/US_Federal_Register_2026-09-17_全文_XML.xml (xml, 1499903 chars)（截断）
  [ok] US-US_FEDERAL_REGISTER_2026-09-18_-_XML: 4 条 / 32000 字符 ← us/raw/US_Federal_Register_2026-09-18_全文_XML.xml (xml, 4330831 chars)（截断）
  [no-articles] US-US_OPENFDA_DEVICE_RECALL: no usable raw
  [no-articles] US-US_OPENFDA_DRUG_ENFORCEMENT: no usable raw
  [no-articles] US-US_OPENFDA_FOOD_ENFORCEMENT: no usable raw
  [ok] VN-COMPETITION-2018: 37 条 / 32000 字符 ← vn/raw/越南2018年《竞争法》（Law No 23_2018_QH14）.pdf (pdf, 110203 chars)（截断）
  [no-articles] VN-CYBERSECURITY-2018: no usable raw
  [ok] VN-DECREE-13-2023: 15 条 / 32000 字符 ← vn/raw/越南《第13号个人数据保护法令》（Decree 13_2023）.html (html, 83110 chars)（截断）
  [ok] VN-DECREE-147-2024: 3 条 / 10136 字符 ← vn/raw/越南《第147号法令》（Decree 147_2024_ND_CP，互联网服务信息管理）解读.html (html, 10136 chars)
  [ok] VN-TCVN-CR: 8 条 / 31586 字符 ← vn/raw/越南TCVN国家标准认证说明（越南CR标志认证信息册）.pdf (pdf, 31586 chars)
  [ok] VN-VN_-13-_LUATVIETNAM: 15 条 / 32000 字符 ← vn/raw/VN_第13号个人数据保护法令_luatvietnam.html (html, 85473 chars)（截断）
  [ok] VN-VN_-2: 8 条 / 30748 字符 ← vn/raw/VN_政府法律文件库.html (html, 30748 chars)
  [no-articles] VN-VN_-3: no usable raw
  [ok] VN-VN_-_19_2023_QH15: 8 条 / 30748 字符 ← vn/raw/VN_消费者权益保护法_19_2023_QH15.html (html, 30748 chars)
  [ok] VN-VN_-_VANBAN-CHINHPHU-VN: 8 条 / 30748 字符 ← vn/raw/VN_法律数据库_vanban.chinhphu.vn.html (html, 30748 chars)
  [ok] VN-VN_: 8 条 / 29320 字符 ← vn/raw/VN_政府公报.html (html, 29320 chars)

统计: {'extracted': 582, 'unchanged': 36, 'no_raw': 29, 'failed': 321}
